{"v":"5.5.7","meta":{"g":"LottieFiles AE 0.1.21","a":"","k":"","d":"","tc":"none"},"fr":60,"ip":0,"op":240,"w":375,"h":260,"nm":"New Character design 2","ddd":0,"assets":[{"id":"comp_0","layers":[{"ddd":0,"ind":1,"ty":4,"nm":"Shape Layer 3","sr":1,"ks":{"o":{"a":0,"k":100,"ix":11},"r":{"a":0,"k":-5,"ix":10},"p":{"a":0,"k":[253.5,144.688,0],"ix":2},"a":{"a":0,"k":[64,11.5,0],"ix":1},"s":{"a":0,"k":[65,65,100],"ix":6}},"ao":0,"shapes":[{"ty":"gr","it":[{"ty":"rc","d":1,"s":{"a":0,"k":[5.262,24.762],"ix":2},"p":{"a":0,"k":[0,0],"ix":3},"r":{"a":0,"k":0,"ix":4},"nm":"Rectangle Path 1","mn":"ADBE Vector Shape - Rect","hd":false},{"ty":"fl","c":{"a":0,"k":[0.2901960784313726,0.5647058823529412,0.8862745098039215,1],"ix":4},"o":{"a":0,"k":100,"ix":5},"r":1,"bm":4,"nm":"Fill 1","mn":"ADBE Vector Graphic - Fill","hd":false},{"ty":"tr","p":{"a":0,"k":[63.73,11.501],"ix":2},"a":{"a":0,"k":[0,0],"ix":1},"s":{"a":0,"k":[69.289,57.027],"ix":3},"r":{"a":0,"k":-20.35,"ix":6},"o":{"a":0,"k":100,"ix":7},"sk":{"a":0,"k":0,"ix":4},"sa":{"a":0,"k":0,"ix":5},"nm":"Transform"}],"nm":"Rectangle 1","np":3,"cix":2,"bm":0,"ix":1,"mn":"ADBE Vector Group","hd":false},{"ty":"tm","s":{"a":1,"k":[{"i":{"x":[0.667],"y":[1]},"o":{"x":[0.333],"y":[0]},"t":35.846,"s":[0]},{"i":{"x":[0.667],"y":[1]},"o":{"x":[0.333],"y":[0]},"t":42.924,"s":[0]},{"t":50,"s":[100]}],"ix":1},"e":{"a":1,"k":[{"i":{"x":[0.667],"y":[1]},"o":{"x":[0.333],"y":[0]},"t":27,"s":[0]},{"i":{"x":[0.667],"y":[1]},"o":{"x":[0.333],"y":[0]},"t":35.846,"s":[100]},{"t":42.923828125,"s":[100]}],"ix":2},"o":{"a":0,"k":0,"ix":3},"m":1,"ix":2,"nm":"Trim Paths 1","mn":"ADBE Vector Filter - Trim","hd":false}],"ip":0,"op":240,"st":0,"bm":0},{"ddd":0,"ind":2,"ty":4,"nm":"Shape Layer 2","sr":1,"ks":{"o":{"a":0,"k":100,"ix":11},"r":{"a":0,"k":-40,"ix":10},"p":{"a":0,"k":[249.125,149.562,0],"ix":2},"a":{"a":0,"k":[64,11.5,0],"ix":1},"s":{"a":0,"k":[65,65,100],"ix":6}},"ao":0,"shapes":[{"ty":"gr","it":[{"ty":"rc","d":1,"s":{"a":0,"k":[5.262,24.762],"ix":2},"p":{"a":0,"k":[0,0],"ix":3},"r":{"a":0,"k":0,"ix":4},"nm":"Rectangle Path 1","mn":"ADBE Vector Shape - Rect","hd":false},{"ty":"fl","c":{"a":0,"k":[0.2901960784313726,0.5647058823529412,0.8862745098039215,1],"ix":4},"o":{"a":0,"k":100,"ix":5},"r":1,"bm":4,"nm":"Fill 1","mn":"ADBE Vector Graphic - Fill","hd":false},{"ty":"tr","p":{"a":0,"k":[63.73,11.501],"ix":2},"a":{"a":0,"k":[0,0],"ix":1},"s":{"a":0,"k":[69.289,57.027],"ix":3},"r":{"a":0,"k":-20.35,"ix":6},"o":{"a":0,"k":100,"ix":7},"sk":{"a":0,"k":0,"ix":4},"sa":{"a":0,"k":0,"ix":5},"nm":"Transform"}],"nm":"Rectangle 1","np":3,"cix":2,"bm":0,"ix":1,"mn":"ADBE Vector Group","hd":false},{"ty":"tm","s":{"a":1,"k":[{"i":{"x":[0.667],"y":[1]},"o":{"x":[0.333],"y":[0]},"t":35.846,"s":[0]},{"i":{"x":[0.667],"y":[1]},"o":{"x":[0.333],"y":[0]},"t":42.924,"s":[0]},{"t":50,"s":[100]}],"ix":1},"e":{"a":1,"k":[{"i":{"x":[0.667],"y":[1]},"o":{"x":[0.333],"y":[0]},"t":27,"s":[0]},{"i":{"x":[0.667],"y":[1]},"o":{"x":[0.333],"y":[0]},"t":35.846,"s":[100]},{"t":42.923828125,"s":[100]}],"ix":2},"o":{"a":0,"k":0,"ix":3},"m":1,"ix":2,"nm":"Trim Paths 1","mn":"ADBE Vector Filter - Trim","hd":false}],"ip":0,"op":240,"st":0,"bm":0},{"ddd":0,"ind":3,"ty":4,"nm":"Line","sr":1,"ks":{"o":{"a":0,"k":100,"ix":11},"r":{"a":0,"k":0,"ix":10},"p":{"a":0,"k":[207.417,167.407,0],"ix":2},"a":{"a":0,"k":[1.338,5.908,0],"ix":1},"s":{"a":0,"k":[100,100,100],"ix":6}},"ao":0,"shapes":[{"ty":"gr","it":[{"ind":0,"ty":"sh","ix":1,"ks":{"a":0,"k":{"i":[[0,0],[0,0],[0,0],[0,0]],"o":[[0,0],[0,0],[0,0],[0,0]],"v":[[0.094,5.658],[-1.088,-5.553],[-0.094,-5.658],[1.088,5.553]],"c":true},"ix":2},"nm":"Path 1","mn":"ADBE Vector Shape - Group","hd":false},{"ty":"fl","c":{"a":0,"k":[0,0.100487593109,0.145006965188,1],"ix":4},"o":{"a":0,"k":100,"ix":5},"r":1,"bm":0,"nm":"Fill 1","mn":"ADBE Vector Graphic - Fill","hd":false},{"ty":"tr","p":{"a":0,"k":[1.337,5.908],"ix":2},"a":{"a":0,"k":[0,0],"ix":1},"s":{"a":0,"k":[100,100],"ix":3},"r":{"a":0,"k":0,"ix":6},"o":{"a":0,"k":100,"ix":7},"sk":{"a":0,"k":0,"ix":4},"sa":{"a":0,"k":0,"ix":5},"nm":"Transform"}],"nm":"Group 1","np":2,"cix":2,"bm":0,"ix":1,"mn":"ADBE Vector Group","hd":false}],"ip":0,"op":240,"st":0,"bm":0},{"ddd":0,"ind":4,"ty":4,"nm":"Leye","sr":1,"ks":{"o":{"a":0,"k":100,"ix":11},"r":{"a":0,"k":0,"ix":10},"p":{"a":0,"k":[191.866,74.541,0],"ix":2},"a":{"a":0,"k":[2.066,2.066,0],"ix":1},"s":{"a":1,"k":[{"i":{"x":[0.833,0.833,0.833],"y":[0.833,0.833,0.833]},"o":{"x":[0.167,0.167,0.167],"y":[0.167,0.167,0.167]},"t":31,"s":[100,90,100]},{"i":{"x":[0.833,0.833,0.833],"y":[0.833,0.833,0.833]},"o":{"x":[0.167,0.167,0.167],"y":[0.167,0.167,0.167]},"t":47,"s":[100,53,100]},{"i":{"x":[0.833,0.833,0.833],"y":[0.833,0.833,0.833]},"o":{"x":[0.167,0.167,0.167],"y":[0.167,0.167,0.167]},"t":62,"s":[100,53,100]},{"i":{"x":[0.833,0.833,0.833],"y":[0.833,0.833,0.833]},"o":{"x":[0.167,0.167,0.167],"y":[0.167,0.167,0.167]},"t":76,"s":[100,90,100]},{"i":{"x":[0.833,0.833,0.833],"y":[0.833,0.833,0.833]},"o":{"x":[0.167,0.167,0.167],"y":[0.167,0.167,0.167]},"t":150,"s":[100,90,100]},{"i":{"x":[0.833,0.833,0.833],"y":[0.833,0.833,0.833]},"o":{"x":[0.167,0.167,0.167],"y":[0.167,0.167,0.167]},"t":166,"s":[100,53,100]},{"i":{"x":[0.833,0.833,0.833],"y":[0.833,0.833,0.833]},"o":{"x":[0.167,0.167,0.167],"y":[0.167,0.167,0.167]},"t":181,"s":[100,53,100]},{"t":195,"s":[100,90,100]}],"ix":6}},"ao":0,"shapes":[{"ty":"gr","it":[{"ind":0,"ty":"sh","ix":1,"ks":{"a":0,"k":{"i":[[0,-1.003],[1.003,0],[0,1.003],[-1.004,0]],"o":[[0,1.003],[-1.004,0],[0,-1.003],[1.003,0]],"v":[[1.817,0],[0.001,1.816],[-1.817,0],[0.001,-1.816]],"c":true},"ix":2},"nm":"Path 1","mn":"ADBE Vector Shape - Group","hd":false},{"ty":"fl","c":{"a":0,"k":[0,0.100487593109,0.145006965188,1],"ix":4},"o":{"a":0,"k":100,"ix":5},"r":1,"bm":0,"nm":"Fill 1","mn":"ADBE Vector Graphic - Fill","hd":false},{"ty":"tr","p":{"a":0,"k":[2.066,2.066],"ix":2},"a":{"a":0,"k":[0,0],"ix":1},"s":{"a":0,"k":[100,100],"ix":3},"r":{"a":0,"k":0,"ix":6},"o":{"a":0,"k":100,"ix":7},"sk":{"a":0,"k":0,"ix":4},"sa":{"a":0,"k":0,"ix":5},"nm":"Transform"}],"nm":"Group 1","np":2,"cix":2,"bm":0,"ix":1,"mn":"ADBE Vector Group","hd":false}],"ip":0,"op":240,"st":0,"bm":0},{"ddd":0,"ind":5,"ty":4,"nm":"Reye","sr":1,"ks":{"o":{"a":0,"k":100,"ix":11},"r":{"a":0,"k":0,"ix":10},"p":{"a":0,"k":[171.744,73.101,0],"ix":2},"a":{"a":0,"k":[2.067,2.066,0],"ix":1},"s":{"a":1,"k":[{"i":{"x":[0.833,0.833,0.833],"y":[0.833,0.833,0.833]},"o":{"x":[0.167,0.167,0.167],"y":[0.167,0.167,0.167]},"t":31,"s":[100,90,100]},{"i":{"x":[0.833,0.833,0.833],"y":[0.833,0.833,0.833]},"o":{"x":[0.167,0.167,0.167],"y":[0.167,0.167,0.167]},"t":47,"s":[100,53,100]},{"i":{"x":[0.833,0.833,0.833],"y":[0.833,0.833,0.833]},"o":{"x":[0.167,0.167,0.167],"y":[0.167,0.167,0.167]},"t":62,"s":[100,53,100]},{"i":{"x":[0.833,0.833,0.833],"y":[0.833,0.833,0.833]},"o":{"x":[0.167,0.167,0.167],"y":[0.167,0.167,0.167]},"t":76,"s":[100,90,100]},{"i":{"x":[0.833,0.833,0.833],"y":[0.833,0.833,0.833]},"o":{"x":[0.167,0.167,0.167],"y":[0.167,0.167,0.167]},"t":150,"s":[100,90,100]},{"i":{"x":[0.833,0.833,0.833],"y":[0.833,0.833,0.833]},"o":{"x":[0.167,0.167,0.167],"y":[0.167,0.167,0.167]},"t":166,"s":[100,53,100]},{"i":{"x":[0.833,0.833,0.833],"y":[0.833,0.833,0.833]},"o":{"x":[0.167,0.167,0.167],"y":[0.167,0.167,0.167]},"t":181,"s":[100,53,100]},{"t":195,"s":[100,90,100]}],"ix":6}},"ao":0,"shapes":[{"ty":"gr","it":[{"ind":0,"ty":"sh","ix":1,"ks":{"a":0,"k":{"i":[[0,-1.003],[1.003,0],[0,1.003],[-1.004,0]],"o":[[0,1.003],[-1.004,0],[0,-1.003],[1.003,0]],"v":[[1.817,0],[0.001,1.816],[-1.817,0],[0.001,-1.816]],"c":true},"ix":2},"nm":"Path 1","mn":"ADBE Vector Shape - Group","hd":false},{"ty":"fl","c":{"a":0,"k":[0,0.100487593109,0.145006965188,1],"ix":4},"o":{"a":0,"k":100,"ix":5},"r":1,"bm":0,"nm":"Fill 1","mn":"ADBE Vector Graphic - Fill","hd":false},{"ty":"tr","p":{"a":0,"k":[2.067,2.066],"ix":2},"a":{"a":0,"k":[0,0],"ix":1},"s":{"a":0,"k":[100,100],"ix":3},"r":{"a":0,"k":0,"ix":6},"o":{"a":0,"k":100,"ix":7},"sk":{"a":0,"k":0,"ix":4},"sa":{"a":0,"k":0,"ix":5},"nm":"Transform"}],"nm":"Group 1","np":2,"cix":2,"bm":0,"ix":1,"mn":"ADBE Vector Group","hd":false}],"ip":0,"op":240,"st":0,"bm":0},{"ddd":0,"ind":6,"ty":4,"nm":"Hair","sr":1,"ks":{"o":{"a":0,"k":100,"ix":11},"r":{"a":0,"k":0,"ix":10},"p":{"a":0,"k":[179.121,51.095,0],"ix":2},"a":{"a":0,"k":[42.654,26.672,0],"ix":1},"s":{"a":0,"k":[100,100,100],"ix":6}},"ao":0,"shapes":[{"ty":"gr","it":[{"ind":0,"ty":"sh","ix":1,"ks":{"a":0,"k":{"i":[[0,0],[6.115,2.598],[0,0],[1.717,-0.21],[-13.092,8.31],[0,0],[-10.872,0.462],[-18.183,-11.259],[0,0],[12.588,-0.543],[0,0],[3.003,3.245],[5.178,-1.406]],"o":[[0,0],[-2.246,-0.955],[0,0],[0,0],[4.637,-2.943],[0,0],[0,0],[18.184,11.259],[0,0],[0,0],[0,0],[-3.003,-3.246],[-5.178,1.406]],"v":[[-20.579,0.512],[-26.213,23.824],[-29.177,21.475],[-33.5,21.013],[-29.313,-9.796],[-18.985,-10.831],[-7.47,-20.023],[24.221,-15.163],[26.219,5.423],[17.417,14.781],[17.738,9.722],[6.049,5.893],[-9.009,-5.898]],"c":true},"ix":2},"nm":"Path 1","mn":"ADBE Vector Shape - Group","hd":false},{"ty":"fl","c":{"a":0,"k":[0,0.100487593109,0.145006965188,1],"ix":4},"o":{"a":0,"k":100,"ix":5},"r":1,"bm":0,"nm":"Fill 1","mn":"ADBE Vector Graphic - Fill","hd":false},{"ty":"tr","p":{"a":0,"k":[42.654,26.672],"ix":2},"a":{"a":0,"k":[0,0],"ix":1},"s":{"a":0,"k":[100,100],"ix":3},"r":{"a":0,"k":0,"ix":6},"o":{"a":0,"k":100,"ix":7},"sk":{"a":0,"k":0,"ix":4},"sa":{"a":0,"k":0,"ix":5},"nm":"Transform"}],"nm":"Group 1","np":2,"cix":2,"bm":0,"ix":1,"mn":"ADBE Vector Group","hd":false}],"ip":0,"op":240,"st":0,"bm":0},{"ddd":0,"ind":8,"ty":4,"nm":"Rhand","sr":1,"ks":{"o":{"a":0,"k":100,"ix":11},"r":{"a":1,"k":[{"i":{"x":[0.833],"y":[0.833]},"o":{"x":[0.167],"y":[0.167]},"t":0,"s":[0]},{"i":{"x":[0.833],"y":[0.833]},"o":{"x":[0.167],"y":[0.167]},"t":22.758,"s":[4]},{"i":{"x":[0.833],"y":[0.833]},"o":{"x":[0.167],"y":[0.167]},"t":37.93,"s":[4]},{"t":59,"s":[0]}],"ix":10},"p":{"a":0,"k":[129.455,199.221,0],"ix":2},"a":{"a":0,"k":[2.934,58.286,0],"ix":1},"s":{"a":0,"k":[100,100,100],"ix":6}},"ao":0,"shapes":[{"ty":"gr","it":[{"ind":0,"ty":"sh","ix":1,"ks":{"a":0,"k":{"i":[[0.07,0],[0.084,0.182],[-0.25,0.116],[-0.106,-0.055],[0.127,-0.245],[0.245,0.124],[3.096,-1.438]],"o":[[-0.188,0],[-0.116,-0.251],[3.57,-1.656],[0.246,0.126],[-0.126,0.246],[-0.098,-0.05],[-0.068,0.032]],"v":[[-2.889,1.305],[-3.342,1.016],[-3.1,0.352],[3.115,0.017],[3.331,0.689],[2.659,0.907],[-2.678,1.258]],"c":true},"ix":2},"nm":"Path 1","mn":"ADBE Vector Shape - Group","hd":false},{"ty":"fl","c":{"a":0,"k":[0,0.100487593109,0.145006965188,1],"ix":4},"o":{"a":0,"k":100,"ix":5},"r":1,"bm":0,"nm":"Fill 1","mn":"ADBE Vector Graphic - Fill","hd":false},{"ty":"tr","p":{"a":0,"k":[109.483,26.971],"ix":2},"a":{"a":0,"k":[0,0],"ix":1},"s":{"a":0,"k":[100,100],"ix":3},"r":{"a":0,"k":0,"ix":6},"o":{"a":0,"k":100,"ix":7},"sk":{"a":0,"k":0,"ix":4},"sa":{"a":0,"k":0,"ix":5},"nm":"Transform"}],"nm":"Group 1","np":2,"cix":2,"bm":0,"ix":1,"mn":"ADBE Vector Group","hd":false},{"ty":"gr","it":[{"ind":0,"ty":"sh","ix":1,"ks":{"a":0,"k":{"i":[[0.093,0],[0.096,0.149],[-0.232,0.149],[-0.176,-0.059],[0.088,-0.262],[0.263,0.088],[2.667,-1.708]],"o":[[-0.164,0],[-0.149,-0.233],[3.074,-1.969],[0.261,0.087],[-0.086,0.262],[-0.04,-0.013],[-0.083,0.054]],"v":[[-3.486,1.445],[-3.907,1.215],[-3.756,0.524],[3.654,-0.026],[3.968,0.606],[3.336,0.923],[-3.216,1.366]],"c":true},"ix":2},"nm":"Path 1","mn":"ADBE Vector Shape - Group","hd":false},{"ty":"fl","c":{"a":0,"k":[0,0.100487593109,0.145006965188,1],"ix":4},"o":{"a":0,"k":100,"ix":5},"r":1,"bm":0,"nm":"Fill 1","mn":"ADBE Vector Graphic - Fill","hd":false},{"ty":"tr","p":{"a":0,"k":[109.42,21.22],"ix":2},"a":{"a":0,"k":[0,0],"ix":1},"s":{"a":0,"k":[100,100],"ix":3},"r":{"a":0,"k":0,"ix":6},"o":{"a":0,"k":100,"ix":7},"sk":{"a":0,"k":0,"ix":4},"sa":{"a":0,"k":0,"ix":5},"nm":"Transform"}],"nm":"Group 2","np":2,"cix":2,"bm":0,"ix":2,"mn":"ADBE Vector Group","hd":false},{"ty":"gr","it":[{"ind":0,"ty":"sh","ix":1,"ks":{"a":0,"k":{"i":[[17.567,-0.003],[1.286,0.232],[0.453,1.35],[0,0],[-14.572,-2.628],[-0.159,0.24],[-8.706,7.41],[0.033,0.139],[0,0],[0.261,-4.496],[3.697,-3.147],[0.361,-0.406]],"o":[[-1.254,0],[-15.151,-2.733],[0,0],[0.109,0.325],[18.632,3.359],[0.406,-0.466],[8.44,-7.185],[0,0],[0.035,0.147],[-0.348,5.994],[-8.653,7.365],[-0.11,0.176]],"v":[[-27.128,44.812],[-30.937,44.472],[-57.363,8.646],[-56.415,8.328],[-30.759,43.488],[3.883,22.781],[48.923,-25.477],[54.187,-46.617],[55.16,-46.847],[55.752,-38.688],[49.571,-24.715],[4.674,23.386]],"c":true},"ix":2},"nm":"Path 1","mn":"ADBE Vector Shape - Group","hd":false},{"ty":"fl","c":{"a":0,"k":[0,0.100487593109,0.145006965188,1],"ix":4},"o":{"a":0,"k":100,"ix":5},"r":1,"bm":0,"nm":"Fill 1","mn":"ADBE Vector Graphic - Fill","hd":false},{"ty":"tr","p":{"a":0,"k":[57.612,62.346],"ix":2},"a":{"a":0,"k":[0,0],"ix":1},"s":{"a":0,"k":[100,100],"ix":3},"r":{"a":0,"k":0,"ix":6},"o":{"a":0,"k":100,"ix":7},"sk":{"a":0,"k":0,"ix":4},"sa":{"a":0,"k":0,"ix":5},"nm":"Transform"}],"nm":"Group 3","np":2,"cix":2,"bm":0,"ix":3,"mn":"ADBE Vector Group","hd":false},{"ty":"gr","it":[{"ind":0,"ty":"sh","ix":1,"ks":{"a":0,"k":{"i":[[0,0],[-13.442,8.327],[-1.025,0.988],[-1.453,2.426],[-3.479,0.832],[-4.513,-2.839],[1.468,-3.383],[3.191,0.654],[1.49,0.232],[0.013,-0.011],[0,0],[-6.304,-0.98],[-1.001,-0.204],[-0.732,1.692],[4.532,2.852],[3.161,-0.756],[0.552,-0.921],[0.595,-0.865],[0,0],[13.141,-8.139],[-0.131,-0.352]],"o":[[-0.036,-0.094],[12.804,-7.931],[0.728,-1.057],[0.616,-1.029],[3.435,-0.823],[4.065,2.557],[-1.076,2.483],[-0.99,-0.202],[-5.784,-0.902],[0,0],[0.16,-0.142],[1.514,0.236],[3.3,0.674],[1.049,-2.417],[-4.277,-2.69],[-3.109,0.744],[-1.5,2.505],[0,0],[-0.225,0.217],[-12.707,7.872],[0,0]],"v":[[-41.819,38.148],[-31.771,20.333],[3.719,-9.362],[19.738,-32.979],[25.642,-37.325],[37.621,-34.285],[43.746,-25.769],[38.024,-24.235],[34.31,-24.92],[27.064,-24.764],[26.413,-25.523],[34.464,-25.909],[38.224,-25.214],[42.828,-26.167],[37.088,-33.439],[25.874,-36.352],[20.595,-32.465],[4.515,-8.753],[4.451,-8.677],[-31.244,21.182],[-40.883,37.795]],"c":true},"ix":2},"nm":"Path 1","mn":"ADBE Vector Shape - Group","hd":false},{"ty":"fl","c":{"a":0,"k":[0,0.100487593109,0.145006965188,1],"ix":4},"o":{"a":0,"k":100,"ix":5},"r":1,"bm":0,"nm":"Fill 1","mn":"ADBE Vector Graphic - Fill","hd":false},{"ty":"tr","p":{"a":0,"k":[77.899,41.028],"ix":2},"a":{"a":0,"k":[0,0],"ix":1},"s":{"a":0,"k":[100,100],"ix":3},"r":{"a":0,"k":0,"ix":6},"o":{"a":0,"k":100,"ix":7},"sk":{"a":0,"k":0,"ix":4},"sa":{"a":0,"k":0,"ix":5},"nm":"Transform"}],"nm":"Group 4","np":2,"cix":2,"bm":0,"ix":4,"mn":"ADBE Vector Group","hd":false},{"ty":"gr","it":[{"ind":0,"ty":"sh","ix":1,"ks":{"a":0,"k":{"i":[[0,0],[0.175,0.981],[0,0],[-3.206,-2.16]],"o":[[-4.209,-2.839],[0,0],[1.177,6.563],[0,0]],"v":[[4.002,13.531],[-4.562,-13.356],[-3.578,-13.531],[4.562,12.702]],"c":true},"ix":2},"nm":"Path 1","mn":"ADBE Vector Shape - Group","hd":false},{"ty":"fl","c":{"a":0,"k":[0,0.100487593109,0.145006965188,1],"ix":4},"o":{"a":0,"k":100,"ix":5},"r":1,"bm":0,"nm":"Fill 1","mn":"ADBE Vector Graphic - Fill","hd":false},{"ty":"tr","p":{"a":0,"k":[35.677,53.191],"ix":2},"a":{"a":0,"k":[0,0],"ix":1},"s":{"a":0,"k":[100,100],"ix":3},"r":{"a":0,"k":0,"ix":6},"o":{"a":0,"k":100,"ix":7},"sk":{"a":0,"k":0,"ix":4},"sa":{"a":0,"k":0,"ix":5},"nm":"Transform"}],"nm":"Group 5","np":2,"cix":2,"bm":0,"ix":5,"mn":"ADBE Vector Group","hd":false},{"ty":"gr","it":[{"ind":0,"ty":"sh","ix":1,"ks":{"a":0,"k":{"i":[[0,0],[-2.355,0.592],[0,0],[0,0],[0,0],[-11.247,-5.324],[0,0],[7.294,2.26],[5.268,-7.224],[0,0],[0,0],[18.797,3.996],[10.3,31.661]],"o":[[0,0],[2.355,-0.591],[0,0],[0,0],[0,0],[11.248,5.323],[0,0],[0,0],[0,0],[0,0],[0,0],[0,0],[0,0]],"v":[[-26.651,2.367],[-22.213,11.021],[1.595,-6.232],[19.83,-23.294],[34.908,-45.226],[50.199,-49.712],[58.736,-39.672],[50.115,-39.672],[47.311,-20.787],[40.622,-14.206],[0.072,29.74],[-35.406,51.04],[-61.447,15.547]],"c":true},"ix":2},"nm":"Path 1","mn":"ADBE Vector Shape - Group","hd":false},{"ty":"fl","c":{"a":0,"k":[0.951659737381,0.963032441981,0.974406522863,1],"ix":4},"o":{"a":0,"k":100,"ix":5},"r":1,"bm":0,"nm":"Fill 1","mn":"ADBE Vector Graphic - Fill","hd":false},{"ty":"tr","p":{"a":0,"k":[62.171,55.286],"ix":2},"a":{"a":0,"k":[0,0],"ix":1},"s":{"a":0,"k":[100,100],"ix":3},"r":{"a":0,"k":0,"ix":6},"o":{"a":0,"k":100,"ix":7},"sk":{"a":0,"k":0,"ix":4},"sa":{"a":0,"k":0,"ix":5},"nm":"Transform"}],"nm":"Group 6","np":2,"cix":2,"bm":0,"ix":6,"mn":"ADBE Vector Group","hd":false}],"ip":0,"op":240,"st":0,"bm":0},{"ddd":0,"ind":9,"ty":4,"nm":"Lhand","sr":1,"ks":{"o":{"a":0,"k":100,"ix":11},"r":{"a":0,"k":0,"ix":10},"p":{"a":0,"k":[251.248,208.736,0],"ix":2},"a":{"a":0,"k":[36.716,53.555,0],"ix":1},"s":{"a":0,"k":[100,100,100],"ix":6}},"ao":0,"shapes":[{"ty":"gr","it":[{"ind":0,"ty":"sh","ix":1,"ks":{"a":0,"k":{"i":[[0.059,0],[0.075,0.2],[0,0],[0,0],[-0.132,0.243],[-0.244,-0.131],[0,0],[0,0],[0.259,-0.097]],"o":[[-0.202,0],[0,0],[0,0],[-0.242,-0.132],[0.133,-0.242],[0,0],[0,0],[0.097,0.259],[-0.058,0.022]],"v":[[7.699,7.006],[7.23,6.682],[5.138,1.116],[-7.931,-5.996],[-8.132,-6.675],[-7.452,-6.875],[5.944,0.415],[8.167,6.33],[7.875,6.974]],"c":true},"ix":2},"nm":"Path 1","mn":"ADBE Vector Shape - Group","hd":false},{"ty":"fl","c":{"a":0,"k":[0.092948442347,0.226545909807,0.315634723738,1],"ix":4},"o":{"a":0,"k":100,"ix":5},"r":1,"bm":0,"nm":"Fill 1","mn":"ADBE Vector Graphic - Fill","hd":false},{"ty":"tr","p":{"a":0,"k":[53.099,13.865],"ix":2},"a":{"a":0,"k":[0,0],"ix":1},"s":{"a":0,"k":[100,100],"ix":3},"r":{"a":0,"k":0,"ix":6},"o":{"a":0,"k":100,"ix":7},"sk":{"a":0,"k":0,"ix":4},"sa":{"a":0,"k":0,"ix":5},"nm":"Transform"}],"nm":"Group 1","np":2,"cix":2,"bm":0,"ix":1,"mn":"ADBE Vector Group","hd":false},{"ty":"gr","it":[{"ind":0,"ty":"sh","ix":1,"ks":{"a":0,"k":{"i":[[0,0],[-3.402,0],[-0.044,0.001],[-4.802,6.341],[-1.181,2.711],[0,0],[0,0],[-0.079,-0.534],[-2.219,-0.818],[0,0],[0,0],[0,0],[2.885,1.416],[0.805,-0.698],[-0.307,-0.942],[-1.806,-1.136],[0,0],[0,0],[0,0],[0.643,-0.877],[-0.015,-0.046],[-2.502,-0.847],[0,0],[0,0],[-0.022,-0.012],[0,0],[0,0],[0,0],[10.716,-9.398],[0,0],[0,0],[0,0]],"o":[[2.357,2.917],[0.043,0],[12.922,-0.141],[6.655,-8.788],[0,0],[0,0],[-0.569,0.491],[0.348,2.338],[0,0],[0,0],[0,0],[-0.014,0],[-1.222,-0.601],[-0.679,0.589],[0.622,1.908],[0,0],[0,0],[0,0],[-2.184,-0.349],[-0.029,0.038],[0.24,0.762],[0,0],[0,0],[0.382,1.577],[0,0],[0,0],[0,0],[-1.547,0.614],[0,0],[0,0],[0,0],[0,0]],"v":[[-32.515,42.473],[-23.838,46.869],[-23.709,46.868],[10.683,19.688],[35.422,-30.52],[32.87,-42.406],[21.323,-46.736],[20.593,-45.21],[28.996,-39.419],[29.351,-39.288],[28.69,-31.049],[22.082,-36.109],[12.469,-41.131],[9.227,-40.978],[8.633,-38.532],[15.885,-32.12],[16.023,-31.991],[18.923,-28.003],[12.322,-30.462],[5.996,-30.067],[5.979,-29.965],[11.57,-26.969],[11.831,-26.881],[11.896,-26.613],[14.565,-23.828],[14.869,-23.67],[14.207,-17.678],[13.927,-17.567],[-14.84,6.648],[-15.531,7.252],[-18.242,-11.051],[-35.423,-3.751]],"c":true},"ix":2},"nm":"Path 1","mn":"ADBE Vector Shape - Group","hd":false},{"ind":1,"ty":"sh","ix":2,"ks":{"a":0,"k":{"i":[[0.047,0],[2.573,3.249],[0,0],[0,0],[0,0],[0,0],[-3.26,1.956],[0,0],[0.511,1.495],[0.481,1.525],[-0.215,0.293],[-1.016,-0.169],[0,0],[0,0],[0.819,2.514],[-0.978,0.848],[-1.575,-0.772],[-0.068,-0.036],[0,0],[0,0],[0.455,3.06],[-1.024,0.776],[0,0],[0,0],[0,0],[0,0],[6.935,-9.157],[13.377,-0.146]],"o":[[-3.769,0],[0,0],[0,0],[0,0],[0,0],[4.626,-4.049],[0,0],[-0.678,-0.406],[-1.335,-0.467],[-0.109,-0.347],[1.237,-1.682],[0,0],[0,0],[-0.996,-0.632],[-0.428,-1.318],[1.101,-0.956],[2.903,1.427],[0,0],[0,0],[-1.757,-0.681],[-0.144,-0.977],[0,0],[0,0],[0,0],[0,0],[-0.731,1.685],[-4.87,6.433],[-0.047,0.001]],"v":[[-23.84,47.869],[-33.396,42.973],[-33.494,42.85],[-36.466,-4.395],[-17.443,-12.477],[-14.81,5.291],[13.275,-18.348],[13.801,-23.112],[11.003,-26.107],[5.025,-29.665],[5.189,-30.659],[12.578,-31.423],[16.167,-30.094],[15.271,-31.326],[7.682,-38.222],[8.572,-41.733],[12.911,-42.03],[22.622,-36.947],[27.84,-32.959],[28.295,-38.615],[19.604,-45.062],[20.929,-47.703],[21.149,-47.869],[33.733,-43.15],[36.466,-30.417],[36.403,-30.269],[11.48,20.291],[-23.699,47.868]],"c":true},"ix":2},"nm":"Path 2","mn":"ADBE Vector Shape - Group","hd":false},{"ty":"mm","mm":1,"nm":"Merge Paths 1","mn":"ADBE Vector Filter - Merge","hd":false},{"ty":"fl","c":{"a":0,"k":[0.092948442347,0.226545909807,0.315634723738,1],"ix":4},"o":{"a":0,"k":100,"ix":5},"r":1,"bm":0,"nm":"Fill 1","mn":"ADBE Vector Graphic - Fill","hd":false},{"ty":"tr","p":{"a":0,"k":[36.716,48.119],"ix":2},"a":{"a":0,"k":[0,0],"ix":1},"s":{"a":0,"k":[100,100],"ix":3},"r":{"a":0,"k":0,"ix":6},"o":{"a":0,"k":100,"ix":7},"sk":{"a":0,"k":0,"ix":4},"sa":{"a":0,"k":0,"ix":5},"nm":"Transform"}],"nm":"Group 2","np":4,"cix":2,"bm":0,"ix":2,"mn":"ADBE Vector Group","hd":false},{"ty":"gr","it":[{"ind":0,"ty":"sh","ix":1,"ks":{"a":0,"k":{"i":[[0,0],[0,0],[-2.189,0.87],[0,0],[0.441,1.823],[-1.118,1.521],[0,0],[0,0],[0,0],[0.813,2.499],[-2.929,-1.438],[0,0],[0,0],[0,0],[-4.938,3.739],[0,0],[0,0],[6.977,-9.215],[12.737,16.079],[0,0]],"o":[[0,0],[0,0],[0,0],[0,0],[0,0],[1.117,-1.52],[0,0],[0,0],[0,0],[-0.813,-2.498],[2.929,1.438],[0,0],[0,0],[0,0],[0,0],[0,0],[0,0],[-6.979,9.216],[0,0],[0,0]],"v":[[-17.841,-16.462],[-15.169,1.574],[13.743,-22.73],[14.335,-28.082],[11.411,-31.193],[5.593,-35.061],[12.497,-35.628],[17.545,-33.748],[15.619,-36.395],[8.158,-43.074],[12.691,-46.278],[22.386,-41.204],[28.265,-36.702],[28.824,-43.648],[21.231,-52.002],[33.303,-47.476],[35.945,-35.166],[11.083,15.292],[-33.003,37.965],[-35.945,-8.771]],"c":true},"ix":2},"nm":"Path 1","mn":"ADBE Vector Shape - Group","hd":false},{"ty":"fl","c":{"a":0,"k":[0.951659737381,0.963032441981,0.974406522863,1],"ix":4},"o":{"a":0,"k":100,"ix":5},"r":1,"bm":0,"nm":"Fill 1","mn":"ADBE Vector Graphic - Fill","hd":false},{"ty":"tr","p":{"a":0,"k":[36.715,52.817],"ix":2},"a":{"a":0,"k":[0,0],"ix":1},"s":{"a":0,"k":[100,100],"ix":3},"r":{"a":0,"k":0,"ix":6},"o":{"a":0,"k":100,"ix":7},"sk":{"a":0,"k":0,"ix":4},"sa":{"a":0,"k":0,"ix":5},"nm":"Transform"}],"nm":"Group 3","np":4,"cix":2,"bm":0,"ix":3,"mn":"ADBE Vector Group","hd":false}],"ip":0,"op":240,"st":0,"bm":0},{"ddd":0,"ind":10,"ty":4,"nm":"Phone","sr":1,"ks":{"o":{"a":0,"k":100,"ix":11},"r":{"a":0,"k":0,"ix":10},"p":{"a":0,"k":[267.662,161.969,0],"ix":2},"a":{"a":0,"k":[27.861,25.854,0],"ix":1},"s":{"a":0,"k":[100,100,100],"ix":6}},"ao":0,"shapes":[{"ty":"gr","it":[{"ind":0,"ty":"sh","ix":1,"ks":{"a":0,"k":{"i":[[0.394,-2.258],[2.765,0.068],[-1.009,2.633],[-2.3,-0.18]],"o":[[-0.438,2.514],[-2.859,-0.07],[0.902,-2.352],[2.238,0.175]],"v":[[12.635,-13.801],[6.863,-9.152],[3.535,-14.29],[9.311,-18.042]],"c":true},"ix":2},"nm":"Path 1","mn":"ADBE Vector Shape - Group","hd":false},{"ind":1,"ty":"sh","ix":2,"ks":{"a":0,"k":{"i":[[2.852,-0.001],[0,0],[0.681,-1.315],[0,0],[-2.913,-0.095],[0,0],[-0.647,1.493],[0,0]],"o":[[0,0],[-1.481,0.001],[0,0],[-1.341,2.588],[0,0],[1.627,0.052],[0,0],[1.133,-2.617]],"v":[[22.84,-25.602],[-0.814,-25.598],[-4.333,-23.458],[-26.27,18.891],[-22.881,24.676],[3.998,25.551],[7.765,23.165],[26.478,-20.066]],"c":true},"ix":2},"nm":"Path 2","mn":"ADBE Vector Shape - Group","hd":false},{"ty":"mm","mm":1,"nm":"Merge Paths 1","mn":"ADBE Vector Filter - Merge","hd":false},{"ty":"fl","c":{"a":0,"k":[0,0.282473575368,0.487202692967,1],"ix":4},"o":{"a":0,"k":100,"ix":5},"r":1,"bm":0,"nm":"Fill 1","mn":"ADBE Vector Graphic - Fill","hd":false},{"ty":"tr","p":{"a":0,"k":[27.861,25.854],"ix":2},"a":{"a":0,"k":[0,0],"ix":1},"s":{"a":0,"k":[100,100],"ix":3},"r":{"a":0,"k":0,"ix":6},"o":{"a":0,"k":100,"ix":7},"sk":{"a":0,"k":0,"ix":4},"sa":{"a":0,"k":0,"ix":5},"nm":"Transform"}],"nm":"Group 1","np":4,"cix":2,"bm":0,"ix":1,"mn":"ADBE Vector Group","hd":false}],"ip":0,"op":240,"st":0,"bm":0},{"ddd":0,"ind":11,"ty":4,"nm":"Glasses","sr":1,"ks":{"o":{"a":0,"k":100,"ix":11},"r":{"a":0,"k":0,"ix":10},"p":{"a":0,"k":[174.779,71.023,0],"ix":2},"a":{"a":0,"k":[27.09,12.632,0],"ix":1},"s":{"a":0,"k":[100,100,100],"ix":6}},"ao":0,"shapes":[{"ty":"gr","it":[{"ind":0,"ty":"sh","ix":1,"ks":{"a":0,"k":{"i":[[0.221,0],[0.138,0.111],[0.69,-0.294],[0.163,0.38],[-0.381,0.162],[-1.036,-0.826],[0.258,-0.323]],"o":[[-0.164,0],[-0.602,-0.478],[-0.383,0.166],[-0.163,-0.381],[1.201,-0.514],[0.324,0.257],[-0.148,0.186]],"v":[[1.332,1.163],[0.865,0.999],[-1.029,0.729],[-2.013,0.335],[-1.619,-0.649],[1.799,-0.173],[1.919,0.88]],"c":true},"ix":2},"nm":"Path 1","mn":"ADBE Vector Shape - Group","hd":false},{"ty":"fl","c":{"a":0,"k":[0,0.100487593109,0.145006965188,1],"ix":4},"o":{"a":0,"k":100,"ix":5},"r":1,"bm":0,"nm":"Fill 1","mn":"ADBE Vector Graphic - Fill","hd":false},{"ty":"tr","p":{"a":0,"k":[33.791,9.564],"ix":2},"a":{"a":0,"k":[0,0],"ix":1},"s":{"a":0,"k":[100,100],"ix":3},"r":{"a":0,"k":0,"ix":6},"o":{"a":0,"k":100,"ix":7},"sk":{"a":0,"k":0,"ix":4},"sa":{"a":0,"k":0,"ix":5},"nm":"Transform"}],"nm":"Group 1","np":2,"cix":2,"bm":0,"ix":1,"mn":"ADBE Vector Group","hd":false},{"ty":"gr","it":[{"ind":0,"ty":"sh","ix":1,"ks":{"a":0,"k":{"i":[[0.077,0],[0.104,0.316],[-0.394,0.129],[0,0],[-0.129,-0.394],[0.394,-0.129],[0,0]],"o":[[-0.316,0],[-0.129,-0.394],[0,0],[0.394,-0.129],[0.129,0.394],[0,0],[-0.077,0.025]],"v":[[-6.651,2.971],[-7.364,2.454],[-6.884,1.508],[6.417,-2.842],[7.364,-2.363],[6.884,-1.416],[-6.418,2.935]],"c":true},"ix":2},"nm":"Path 1","mn":"ADBE Vector Shape - Group","hd":false},{"ty":"fl","c":{"a":0,"k":[0,0.100487593109,0.145006965188,1],"ix":4},"o":{"a":0,"k":100,"ix":5},"r":1,"bm":0,"nm":"Fill 1","mn":"ADBE Vector Graphic - Fill","hd":false},{"ty":"tr","p":{"a":0,"k":[7.743,11.495],"ix":2},"a":{"a":0,"k":[0,0],"ix":1},"s":{"a":0,"k":[100,100],"ix":3},"r":{"a":0,"k":0,"ix":6},"o":{"a":0,"k":100,"ix":7},"sk":{"a":0,"k":0,"ix":4},"sa":{"a":0,"k":0,"ix":5},"nm":"Transform"}],"nm":"Group 2","np":2,"cix":2,"bm":0,"ix":2,"mn":"ADBE Vector Group","hd":false},{"ty":"gr","it":[{"ind":0,"ty":"sh","ix":1,"ks":{"a":0,"k":{"i":[[0.352,0],[1.516,-1.269],[0.35,-2.488],[-4.568,-0.642],[-1.806,1.512],[-0.35,2.488],[4.568,0.642]],"o":[[-1.838,0],[-1.828,1.531],[-0.717,5.107],[2.2,0.311],[1.828,-1.53],[0.717,-5.107],[-0.353,-0.05]],"v":[[0.243,-9.195],[-4.908,-7.256],[-8.285,-1.024],[-1.301,9.402],[4.908,7.536],[8.286,1.305],[1.301,-9.121]],"c":true},"ix":2},"nm":"Path 1","mn":"ADBE Vector Shape - Group","hd":false},{"ind":1,"ty":"sh","ix":2,"ks":{"a":0,"k":{"i":[[2.188,0],[0.425,0.06],[-0.833,5.926],[-2.113,1.769],[-2.626,-0.37],[0.833,-5.926],[2.114,-1.77]],"o":[[-0.423,0],[-5.387,-0.757],[0.401,-2.856],[2.135,-1.788],[5.387,0.757],[-0.401,2.856],[-1.789,1.498]],"v":[[-0.238,10.976],[-1.51,10.887],[-9.77,-1.233],[-5.872,-8.406],[1.51,-10.606],[9.771,1.514],[5.87,8.687]],"c":true},"ix":2},"nm":"Path 2","mn":"ADBE Vector Shape - Group","hd":false},{"ty":"mm","mm":1,"nm":"Merge Paths 1","mn":"ADBE Vector Filter - Merge","hd":false},{"ty":"fl","c":{"a":0,"k":[0,0.100487593109,0.145006965188,1],"ix":4},"o":{"a":0,"k":100,"ix":5},"r":1,"bm":0,"nm":"Fill 1","mn":"ADBE Vector Graphic - Fill","hd":false},{"ty":"tr","p":{"a":0,"k":[23.319,11.226],"ix":2},"a":{"a":0,"k":[0,0],"ix":1},"s":{"a":0,"k":[100,100],"ix":3},"r":{"a":0,"k":0,"ix":6},"o":{"a":0,"k":100,"ix":7},"sk":{"a":0,"k":0,"ix":4},"sa":{"a":0,"k":0,"ix":5},"nm":"Transform"}],"nm":"Group 3","np":4,"cix":2,"bm":0,"ix":3,"mn":"ADBE Vector Group","hd":false},{"ty":"gr","it":[{"ind":0,"ty":"sh","ix":1,"ks":{"a":0,"k":{"i":[[-2.199,-0.309],[-1.805,1.511],[-0.35,2.488],[4.568,0.642],[0.717,-5.107],[-1.336,-1.976]],"o":[[2.201,0.311],[1.828,-1.531],[0.718,-5.107],[-4.559,-0.64],[-0.35,2.488],[1.319,1.95]],"v":[[-1.517,9.593],[4.693,7.728],[8.07,1.496],[1.087,-8.93],[-8.5,-0.833],[-6.972,6.089]],"c":true},"ix":2},"nm":"Path 1","mn":"ADBE Vector Shape - Group","hd":false},{"ind":1,"ty":"sh","ix":2,"ks":{"a":0,"k":{"i":[[2.188,0],[0.425,0.06],[1.56,2.308],[-0.402,2.857],[-5.389,-0.753],[0.832,-5.926],[2.113,-1.769]],"o":[[-0.423,0],[-2.624,-0.368],[-1.543,-2.283],[0.833,-5.926],[5.387,0.757],[-0.401,2.856],[-1.79,1.498]],"v":[[-0.453,11.168],[-1.726,11.078],[-8.215,6.928],[-9.986,-1.042],[1.296,-10.415],[9.556,1.705],[5.656,8.878]],"c":true},"ix":2},"nm":"Path 2","mn":"ADBE Vector Shape - Group","hd":false},{"ty":"mm","mm":1,"nm":"Merge Paths 1","mn":"ADBE Vector Filter - Merge","hd":false},{"ty":"fl","c":{"a":0,"k":[0,0.100487593109,0.145006965188,1],"ix":4},"o":{"a":0,"k":100,"ix":5},"r":1,"bm":0,"nm":"Fill 1","mn":"ADBE Vector Graphic - Fill","hd":false},{"ty":"tr","p":{"a":0,"k":[43.542,13.847],"ix":2},"a":{"a":0,"k":[0,0],"ix":1},"s":{"a":0,"k":[100,100],"ix":3},"r":{"a":0,"k":0,"ix":6},"o":{"a":0,"k":100,"ix":7},"sk":{"a":0,"k":0,"ix":4},"sa":{"a":0,"k":0,"ix":5},"nm":"Transform"}],"nm":"Group 4","np":4,"cix":2,"bm":0,"ix":4,"mn":"ADBE Vector Group","hd":false}],"ip":0,"op":240,"st":0,"bm":0},{"ddd":0,"ind":12,"ty":4,"nm":"Libro","sr":1,"ks":{"o":{"a":0,"k":100,"ix":11},"r":{"a":0,"k":0,"ix":10},"p":{"a":1,"k":[{"i":{"x":0.833,"y":0.833},"o":{"x":0.167,"y":0.167},"t":15,"s":[190.329,60.966,0],"to":[0,0,0],"ti":[0,0,0]},{"i":{"x":0.833,"y":0.833},"o":{"x":0.167,"y":0.167},"t":31,"s":[190.329,63,0],"to":[0,0,0],"ti":[0,0,0]},{"i":{"x":0.833,"y":0.833},"o":{"x":0.167,"y":0.167},"t":46,"s":[190.329,63,0],"to":[0,0,0],"ti":[0,0,0]},{"t":60,"s":[190.329,60.966,0]}],"ix":2},"a":{"a":0,"k":[3.671,2.235,0],"ix":1},"s":{"a":0,"k":[100,100,100],"ix":6}},"ao":0,"shapes":[{"ty":"gr","it":[{"ind":0,"ty":"sh","ix":1,"ks":{"a":0,"k":{"i":[[0,0],[-3.442,-1.517],[0,0],[1.32,-0.201]],"o":[[0,0],[1.784,0.786],[0,0],[-1.959,0.299]],"v":[[-3.421,0.318],[1.371,-0.468],[3.421,1.985],[-1.462,0.769]],"c":true},"ix":2},"nm":"Path 1","mn":"ADBE Vector Shape - Group","hd":false},{"ty":"fl","c":{"a":0,"k":[0,0.100487593109,0.145006965188,1],"ix":4},"o":{"a":0,"k":100,"ix":5},"r":1,"bm":0,"nm":"Fill 1","mn":"ADBE Vector Graphic - Fill","hd":false},{"ty":"tr","p":{"a":0,"k":[3.671,2.235],"ix":2},"a":{"a":0,"k":[0,0],"ix":1},"s":{"a":0,"k":[100,100],"ix":3},"r":{"a":0,"k":0,"ix":6},"o":{"a":0,"k":100,"ix":7},"sk":{"a":0,"k":0,"ix":4},"sa":{"a":0,"k":0,"ix":5},"nm":"Transform"}],"nm":"Group 1","np":2,"cix":2,"bm":0,"ix":1,"mn":"ADBE Vector Group","hd":false}],"ip":0,"op":240,"st":0,"bm":0},{"ddd":0,"ind":13,"ty":4,"nm":"Ribro","sr":1,"ks":{"o":{"a":0,"k":100,"ix":11},"r":{"a":0,"k":0,"ix":10},"p":{"a":1,"k":[{"i":{"x":0.833,"y":0.833},"o":{"x":0.167,"y":0.167},"t":15,"s":[170.242,56.818,0],"to":[0,0.5,0],"ti":[0,-0.5,0]},{"i":{"x":0.833,"y":0.833},"o":{"x":0.167,"y":0.167},"t":31,"s":[170.242,59.818,0],"to":[0,0,0],"ti":[0,0,0]},{"i":{"x":0.833,"y":0.833},"o":{"x":0.167,"y":0.167},"t":46,"s":[170.242,59.818,0],"to":[0,-0.5,0],"ti":[0,0.5,0]},{"t":60,"s":[170.242,56.818,0]}],"ix":2},"a":{"a":0,"k":[5.713,1.925,0],"ix":1},"s":{"a":0,"k":[100,100,100],"ix":6}},"ao":0,"shapes":[{"ty":"gr","it":[{"ind":0,"ty":"sh","ix":1,"ks":{"a":0,"k":{"i":[[0,0],[-4.269,0],[-0.282,-1.19],[3.961,0.93],[1.137,-0.157]],"o":[[0,0],[1.305,0],[0,0],[-1.119,-0.263],[-2.882,0.398]],"v":[[-5.016,0.04],[0.969,-1.675],[4.751,0.757],[1.501,0.745],[-2.581,0.675]],"c":true},"ix":2},"nm":"Path 1","mn":"ADBE Vector Shape - Group","hd":false},{"ty":"fl","c":{"a":0,"k":[0,0.100487593109,0.145006965188,1],"ix":4},"o":{"a":0,"k":100,"ix":5},"r":1,"bm":0,"nm":"Fill 1","mn":"ADBE Vector Graphic - Fill","hd":false},{"ty":"tr","p":{"a":0,"k":[5.712,1.925],"ix":2},"a":{"a":0,"k":[0,0],"ix":1},"s":{"a":0,"k":[100,100],"ix":3},"r":{"a":0,"k":0,"ix":6},"o":{"a":0,"k":100,"ix":7},"sk":{"a":0,"k":0,"ix":4},"sa":{"a":0,"k":0,"ix":5},"nm":"Transform"}],"nm":"Group 1","np":2,"cix":2,"bm":0,"ix":1,"mn":"ADBE Vector Group","hd":false}],"ip":0,"op":240,"st":0,"bm":0},{"ddd":0,"ind":14,"ty":4,"nm":"Lips","sr":1,"ks":{"o":{"a":0,"k":100,"ix":11},"r":{"a":1,"k":[{"i":{"x":[0.833],"y":[0.833]},"o":{"x":[0.167],"y":[0.167]},"t":0,"s":[-39]},{"i":{"x":[0.833],"y":[0.833]},"o":{"x":[0.167],"y":[0.167]},"t":45,"s":[-39]},{"t":75,"s":[-17]}],"ix":10},"p":{"a":1,"k":[{"i":{"x":0.833,"y":0.833},"o":{"x":0.167,"y":0.167},"t":0,"s":[179.417,91.085,0],"to":[0,0,0],"ti":[0,0,0]},{"i":{"x":0.833,"y":0.833},"o":{"x":0.167,"y":0.167},"t":39,"s":[179.417,91.085,0],"to":[-0.667,-0.333,0],"ti":[0.667,0.333,0]},{"t":65,"s":[175.417,89.085,0]}],"ix":2},"a":{"a":0,"k":[3.89,3.851,0],"ix":1},"s":{"a":0,"k":[100,100,100],"ix":6}},"ao":0,"shapes":[{"ty":"gr","it":[{"ind":0,"ty":"sh","ix":1,"ks":{"a":0,"k":{"i":[[0.246,0],[0.024,0.004],[-0.258,3.824],[-0.269,-0.012],[0.019,-0.275],[-3.961,-0.557],[0.038,-0.274]],"o":[[-0.023,0],[-4.517,-0.635],[0.019,-0.275],[0.275,0.018],[-0.22,3.254],[0.274,0.038],[-0.036,0.249]],"v":[[3.107,3.601],[3.037,3.596],[-3.382,-3.124],[-2.849,-3.589],[-2.384,-3.057],[3.176,2.606],[3.602,3.171]],"c":true},"ix":2},"nm":"Path 1","mn":"ADBE Vector Shape - Group","hd":false},{"ty":"fl","c":{"a":0,"k":[0,0.100487593109,0.145006965188,1],"ix":4},"o":{"a":0,"k":100,"ix":5},"r":1,"bm":0,"nm":"Fill 1","mn":"ADBE Vector Graphic - Fill","hd":false},{"ty":"tr","p":{"a":0,"k":[3.89,3.851],"ix":2},"a":{"a":0,"k":[0,0],"ix":1},"s":{"a":0,"k":[100,100],"ix":3},"r":{"a":0,"k":0,"ix":6},"o":{"a":0,"k":100,"ix":7},"sk":{"a":0,"k":0,"ix":4},"sa":{"a":0,"k":0,"ix":5},"nm":"Transform"}],"nm":"Group 1","np":2,"cix":2,"bm":0,"ix":1,"mn":"ADBE Vector Group","hd":false}],"ip":0,"op":240,"st":0,"bm":0},{"ddd":0,"ind":15,"ty":4,"nm":"Nose","sr":1,"ks":{"o":{"a":0,"k":100,"ix":11},"r":{"a":0,"k":0,"ix":10},"p":{"a":0,"k":[181.906,75.864,0],"ix":2},"a":{"a":0,"k":[3.097,9.215,0],"ix":1},"s":{"a":0,"k":[100,100,100],"ix":6}},"ao":0,"shapes":[{"ty":"gr","it":[{"ind":0,"ty":"sh","ix":1,"ks":{"a":0,"k":{"i":[[0.152,0],[0,0],[0,0],[-0.007,0.276],[-0.278,-0.009],[0,0],[0,0],[-0.267,0.068],[-0.068,-0.268],[0,0],[0.097,-0.123]],"o":[[0,0],[0,0],[-0.276,-0.007],[0.007,-0.277],[0,0],[0,0],[-0.067,-0.267],[0.268,-0.067],[0,0],[0.038,0.152],[-0.096,0.118]],"v":[[2.324,8.965],[2.311,8.965],[-2.353,8.845],[-2.84,8.333],[-2.327,7.845],[1.678,7.949],[-2.428,-8.291],[-2.066,-8.898],[-1.458,-8.536],[2.809,8.343],[2.715,8.779]],"c":true},"ix":2},"nm":"Path 1","mn":"ADBE Vector Shape - Group","hd":false},{"ty":"fl","c":{"a":0,"k":[0,0.100487593109,0.145006965188,1],"ix":4},"o":{"a":0,"k":100,"ix":5},"r":1,"bm":0,"nm":"Fill 1","mn":"ADBE Vector Graphic - Fill","hd":false},{"ty":"tr","p":{"a":0,"k":[3.097,9.215],"ix":2},"a":{"a":0,"k":[0,0],"ix":1},"s":{"a":0,"k":[100,100],"ix":3},"r":{"a":0,"k":0,"ix":6},"o":{"a":0,"k":100,"ix":7},"sk":{"a":0,"k":0,"ix":4},"sa":{"a":0,"k":0,"ix":5},"nm":"Transform"}],"nm":"Group 1","np":2,"cix":2,"bm":0,"ix":1,"mn":"ADBE Vector Group","hd":false}],"ip":0,"op":240,"st":0,"bm":0},{"ddd":0,"ind":16,"ty":4,"nm":"ear","sr":1,"ks":{"o":{"a":0,"k":100,"ix":11},"r":{"a":0,"k":0,"ix":10},"p":{"a":0,"k":[145.611,79.181,0],"ix":2},"a":{"a":0,"k":[5.821,7.825,0],"ix":1},"s":{"a":0,"k":[100,100,100],"ix":6}},"ao":0,"shapes":[{"ty":"gr","it":[{"ind":0,"ty":"sh","ix":1,"ks":{"a":0,"k":{"i":[[0.536,0],[1.483,1.313],[0.103,2.335],[-1.299,1.289],[-2.932,-0.152],[0.015,-0.276],[0.278,0.009],[1.179,-1.17],[-0.101,-2.27],[-1.18,-1.046],[-3.471,0.266],[-0.021,-0.275],[0.275,-0.022]],"o":[[-2.913,0],[-1.39,-1.231],[-0.114,-2.563],[1.388,-1.376],[0.276,0.015],[-0.014,0.276],[-2.639,-0.139],[-1.091,1.082],[0.091,2.054],[1.545,1.368],[0.286,-0.02],[0.021,0.275],[-0.583,0.045]],"v":[[3.41,7.575],[-3.206,5.6],[-5.457,0.225],[-3.67,-5.58],[2.839,-7.423],[3.312,-6.897],[2.786,-6.424],[-2.966,-4.87],[-4.458,0.181],[-2.543,4.852],[5.013,6.511],[5.55,6.971],[5.09,7.508]],"c":true},"ix":2},"nm":"Path 1","mn":"ADBE Vector Shape - Group","hd":false},{"ty":"fl","c":{"a":0,"k":[0,0.100487593109,0.145006965188,1],"ix":4},"o":{"a":0,"k":100,"ix":5},"r":1,"bm":0,"nm":"Fill 1","mn":"ADBE Vector Graphic - Fill","hd":false},{"ty":"tr","p":{"a":0,"k":[5.821,7.825],"ix":2},"a":{"a":0,"k":[0,0],"ix":1},"s":{"a":0,"k":[100,100],"ix":3},"r":{"a":0,"k":0,"ix":6},"o":{"a":0,"k":100,"ix":7},"sk":{"a":0,"k":0,"ix":4},"sa":{"a":0,"k":0,"ix":5},"nm":"Transform"}],"nm":"Group 1","np":2,"cix":2,"bm":0,"ix":1,"mn":"ADBE Vector Group","hd":false}],"ip":0,"op":240,"st":0,"bm":0},{"ddd":0,"ind":17,"ty":4,"nm":"Jawline","sr":1,"ks":{"o":{"a":0,"k":100,"ix":11},"r":{"a":0,"k":0,"ix":10},"p":{"a":0,"k":[172.638,85.271,0],"ix":2},"a":{"a":0,"k":[24.981,24.803,0],"ix":1},"s":{"a":0,"k":[100,100,100],"ix":6}},"ao":0,"shapes":[{"ty":"gr","it":[{"ind":0,"ty":"sh","ix":1,"ks":{"a":0,"k":{"i":[[12.212,0],[0,0],[5.083,17.189],[0.302,4.374],[-0.276,0.019],[-0.019,-0.275],[-0.537,-2.223],[-12.843,-1.01],[0,0],[-0.446,11.759],[0,0],[-0.267,-0.007],[0.011,-0.276],[0,0]],"o":[[0,0],[-13.337,-1.048],[-0.557,-2.302],[-0.018,-0.276],[0.262,-0.018],[0.298,4.318],[4.948,16.727],[0,0],[11.7,0],[0,0],[0.013,-0.276],[0.275,0.012],[0,0],[-0.465,12.232]],"v":[[4.396,24.553],[4.318,24.553],[-23.422,-2.931],[-24.713,-12.979],[-24.248,-13.512],[-23.715,-13.048],[-22.457,-3.19],[4.358,23.554],[4.431,23.554],[22.5,6.079],[23.72,-24.066],[24.241,-24.546],[24.72,-24.026],[23.5,6.118]],"c":true},"ix":2},"nm":"Path 1","mn":"ADBE Vector Shape - Group","hd":false},{"ty":"fl","c":{"a":0,"k":[0,0.100487593109,0.145006965188,1],"ix":4},"o":{"a":0,"k":100,"ix":5},"r":1,"bm":0,"nm":"Fill 1","mn":"ADBE Vector Graphic - Fill","hd":false},{"ty":"tr","p":{"a":0,"k":[24.981,24.803],"ix":2},"a":{"a":0,"k":[0,0],"ix":1},"s":{"a":0,"k":[100,100],"ix":3},"r":{"a":0,"k":0,"ix":6},"o":{"a":0,"k":100,"ix":7},"sk":{"a":0,"k":0,"ix":4},"sa":{"a":0,"k":0,"ix":5},"nm":"Transform"}],"nm":"Group 1","np":2,"cix":2,"bm":0,"ix":1,"mn":"ADBE Vector Group","hd":false}],"ip":0,"op":240,"st":0,"bm":0},{"ddd":0,"ind":18,"ty":4,"nm":"Body","sr":1,"ks":{"o":{"a":0,"k":100,"ix":11},"r":{"a":0,"k":0,"ix":10},"p":{"a":0,"k":[174.867,189.445,0],"ix":2},"a":{"a":0,"k":[63.204,70.493,0],"ix":1},"s":{"a":0,"k":[100,100,100],"ix":6}},"ao":0,"shapes":[{"ty":"gr","it":[{"ind":0,"ty":"sh","ix":1,"ks":{"a":0,"k":{"i":[[0,0],[2.49,10.149],[0,0],[0,0],[-1.99,29.572],[-37.152,12.717],[-13,20.21],[-4.066,-6.891],[0,0],[0,0],[0,0],[0,0]],"o":[[0,0],[-2.365,-9.636],[0,0],[0,0],[0.416,-6.188],[0,0],[0,0],[4.066,6.889],[0,0],[0,0],[0,0],[0,0]],"v":[[-51.956,70.243],[-44.63,33.791],[-47.622,22.323],[-53.918,25.243],[-60.964,-43.156],[-23.458,-70.243],[13.311,-70.243],[37.665,-57.778],[47.734,-39.068],[62.954,0.196],[40.432,9.692],[44.24,70.243]],"c":true},"ix":2},"nm":"Path 1","mn":"ADBE Vector Shape - Group","hd":false},{"ty":"fl","c":{"a":0,"k":[0.2901960784313726,0.5647058823529412,0.8862745098039215,1],"ix":4},"o":{"a":0,"k":100,"ix":5},"r":1,"bm":0,"nm":"Fill 1","mn":"ADBE Vector Graphic - Fill","hd":false},{"ty":"tr","p":{"a":0,"k":[63.204,70.493],"ix":2},"a":{"a":0,"k":[0,0],"ix":1},"s":{"a":0,"k":[100,100],"ix":3},"r":{"a":0,"k":0,"ix":6},"o":{"a":0,"k":100,"ix":7},"sk":{"a":0,"k":0,"ix":4},"sa":{"a":0,"k":0,"ix":5},"nm":"Transform"}],"nm":"Group 1","np":2,"cix":2,"bm":0,"ix":1,"mn":"ADBE Vector Group","hd":false}],"ip":0,"op":240,"st":0,"bm":0},{"ddd":0,"ind":19,"ty":4,"nm":"Neck","sr":1,"ks":{"o":{"a":0,"k":100,"ix":11},"r":{"a":0,"k":0,"ix":10},"p":{"a":0,"k":[169.678,107.482,0],"ix":2},"a":{"a":0,"k":[19.294,21.657,0],"ix":1},"s":{"a":0,"k":[100,100,100],"ix":6}},"ao":0,"shapes":[{"ty":"gr","it":[{"ind":0,"ty":"sh","ix":1,"ks":{"a":0,"k":{"i":[[1.239,0],[8.691,6.131],[-0.092,0.217],[3.24,14.559],[-0.269,0.06],[-0.06,-0.27],[2.835,-7.07],[-6.451,1.406],[-2.725,4.543],[0.628,5.693],[-0.275,0.03],[-0.03,-0.274],[-1.226,-1.284],[0.113,-0.192],[4.587,-1]],"o":[[-6.204,0],[-0.192,-0.136],[2.913,-6.861],[-0.059,-0.27],[0.266,-0.056],[3.227,14.508],[10.043,7.02],[4.209,-0.917],[-1.269,-1.629],[-0.03,-0.274],[0.272,-0.031],[0.635,5.754],[0.153,0.162],[-2.896,4.977],[-1.134,0.247]],"v":[[4.09,21.349],[-18.321,12.13],[-18.493,11.526],[-18.985,-20.754],[-18.605,-21.351],[-18.008,-20.971],[-17.418,11.542],[7.439,20.001],[17.887,11.773],[15.065,0.876],[15.508,0.325],[16.059,0.767],[18.862,11.374],[18.931,11.971],[7.652,20.978]],"c":true},"ix":2},"nm":"Path 1","mn":"ADBE Vector Shape - Group","hd":false},{"ty":"fl","c":{"a":0,"k":[0,0.100487593109,0.145006965188,1],"ix":4},"o":{"a":0,"k":100,"ix":5},"r":1,"bm":0,"nm":"Fill 1","mn":"ADBE Vector Graphic - Fill","hd":false},{"ty":"tr","p":{"a":0,"k":[19.293,21.657],"ix":2},"a":{"a":0,"k":[0,0],"ix":1},"s":{"a":0,"k":[100,100],"ix":3},"r":{"a":0,"k":0,"ix":6},"o":{"a":0,"k":100,"ix":7},"sk":{"a":0,"k":0,"ix":4},"sa":{"a":0,"k":0,"ix":5},"nm":"Transform"}],"nm":"Group 1","np":2,"cix":2,"bm":0,"ix":1,"mn":"ADBE Vector Group","hd":false}],"ip":0,"op":240,"st":0,"bm":0},{"ddd":0,"ind":21,"ty":4,"nm":"Case","sr":1,"ks":{"o":{"a":0,"k":100,"ix":11},"r":{"a":0,"k":0,"ix":10},"p":{"a":0,"k":[67.245,272.687,0],"ix":2},"a":{"a":0,"k":[33.75,68.75,0],"ix":1},"s":{"a":0,"k":[100,100,100],"ix":6}},"ao":0,"shapes":[{"ty":"gr","it":[{"ind":0,"ty":"sh","ix":1,"ks":{"a":0,"k":{"i":[[0.276,0],[0,0],[0,0.276],[-0.276,0],[0,0],[0,-0.276]],"o":[[0,0],[-0.276,0],[0,-0.276],[0,0],[0.276,0],[0,0.276]],"v":[[15.271,0.5],[-15.271,0.5],[-15.771,0],[-15.271,-0.5],[15.271,-0.5],[15.771,0]],"c":true},"ix":2},"nm":"Path 1","mn":"ADBE Vector Shape - Group","hd":false},{"ty":"fl","c":{"a":0,"k":[0,0.100487593109,0.145006965188,1],"ix":4},"o":{"a":0,"k":100,"ix":5},"r":1,"bm":0,"nm":"Fill 1","mn":"ADBE Vector Graphic - Fill","hd":false},{"ty":"tr","p":{"a":0,"k":[51.021,34.75],"ix":2},"a":{"a":0,"k":[0,0],"ix":1},"s":{"a":0,"k":[100,100],"ix":3},"r":{"a":0,"k":0,"ix":6},"o":{"a":0,"k":100,"ix":7},"sk":{"a":0,"k":0,"ix":4},"sa":{"a":0,"k":0,"ix":5},"nm":"Transform"}],"nm":"Group 1","np":2,"cix":2,"bm":0,"ix":1,"mn":"ADBE Vector Group","hd":false},{"ty":"gr","it":[{"ind":0,"ty":"sh","ix":1,"ks":{"a":0,"k":{"i":[[0.276,0],[0,0],[0,0.276],[-0.276,0],[0,0],[0,-0.276]],"o":[[0,0],[-0.276,0],[0,-0.276],[0,0],[0.276,0],[0,0.276]],"v":[[11.5,0.5],[-11.5,0.5],[-12,0],[-11.5,-0.5],[11.5,-0.5],[12,0]],"c":true},"ix":2},"nm":"Path 1","mn":"ADBE Vector Shape - Group","hd":false},{"ty":"fl","c":{"a":0,"k":[0,0.100487593109,0.145006965188,1],"ix":4},"o":{"a":0,"k":100,"ix":5},"r":1,"bm":0,"nm":"Fill 1","mn":"ADBE Vector Graphic - Fill","hd":false},{"ty":"tr","p":{"a":0,"k":[12.25,34.75],"ix":2},"a":{"a":0,"k":[0,0],"ix":1},"s":{"a":0,"k":[100,100],"ix":3},"r":{"a":0,"k":0,"ix":6},"o":{"a":0,"k":100,"ix":7},"sk":{"a":0,"k":0,"ix":4},"sa":{"a":0,"k":0,"ix":5},"nm":"Transform"}],"nm":"Group 2","np":2,"cix":2,"bm":0,"ix":2,"mn":"ADBE Vector Group","hd":false},{"ty":"gr","it":[{"ind":0,"ty":"sh","ix":1,"ks":{"a":0,"k":{"i":[[0,0],[0,-0.275],[0,0],[-0.276,0],[0,0],[0,0.275],[0,0],[0.276,0]],"o":[[-0.276,0],[0,0],[0,0.275],[0,0],[0.276,0],[0,0],[0,-0.275],[0,0]],"v":[[-5,-2.5],[-5.5,-2],[-5.5,2],[-5,2.5],[5,2.5],[5.5,2],[5.5,-2],[5,-2.5]],"c":true},"ix":2},"nm":"Path 1","mn":"ADBE Vector Shape - Group","hd":false},{"ind":1,"ty":"sh","ix":2,"ks":{"a":0,"k":{"i":[[0.827,0],[0,0],[0,0.827],[0,0],[-0.827,0],[0,0],[0,-0.827],[0,0]],"o":[[0,0],[-0.827,0],[0,0],[0,-0.827],[0,0],[0.827,0],[0,0],[0,0.827]],"v":[[5,3.5],[-5,3.5],[-6.5,2],[-6.5,-2],[-5,-3.5],[5,-3.5],[6.5,-2],[6.5,2]],"c":true},"ix":2},"nm":"Path 2","mn":"ADBE Vector Shape - Group","hd":false},{"ty":"mm","mm":1,"nm":"Merge Paths 1","mn":"ADBE Vector Filter - Merge","hd":false},{"ty":"fl","c":{"a":0,"k":[0,0.100487593109,0.145006965188,1],"ix":4},"o":{"a":0,"k":100,"ix":5},"r":1,"bm":0,"nm":"Fill 1","mn":"ADBE Vector Graphic - Fill","hd":false},{"ty":"tr","p":{"a":0,"k":[29.75,34.75],"ix":2},"a":{"a":0,"k":[0,0],"ix":1},"s":{"a":0,"k":[100,100],"ix":3},"r":{"a":0,"k":0,"ix":6},"o":{"a":0,"k":100,"ix":7},"sk":{"a":0,"k":0,"ix":4},"sa":{"a":0,"k":0,"ix":5},"nm":"Transform"}],"nm":"Group 3","np":4,"cix":2,"bm":0,"ix":3,"mn":"ADBE Vector Group","hd":false},{"ty":"gr","it":[{"ind":0,"ty":"sh","ix":1,"ks":{"a":0,"k":{"i":[[0,0],[0,-0.551],[0,0],[-0.551,0],[0,0],[0,0.552],[0,0],[0.554,0]],"o":[[-0.551,0],[0,0],[0,0.552],[0,0],[0.554,0],[0,0],[0,-0.551],[0,0]],"v":[[-5.001,-3.001],[-5.999,-2.001],[-5.999,2.001],[-5.001,3.001],[4.999,3.001],[5.999,2.001],[5.999,-2.001],[4.999,-3.001]],"c":true},"ix":2},"nm":"Path 1","mn":"ADBE Vector Shape - Group","hd":false},{"ty":"fl","c":{"a":0,"k":[0.866351617551,0.888151161343,0.914689307119,1],"ix":4},"o":{"a":0,"k":100,"ix":5},"r":1,"bm":0,"nm":"Fill 1","mn":"ADBE Vector Graphic - Fill","hd":false},{"ty":"tr","p":{"a":0,"k":[29.75,34.75],"ix":2},"a":{"a":0,"k":[0,0],"ix":1},"s":{"a":0,"k":[100,100],"ix":3},"r":{"a":0,"k":0,"ix":6},"o":{"a":0,"k":100,"ix":7},"sk":{"a":0,"k":0,"ix":4},"sa":{"a":0,"k":0,"ix":5},"nm":"Transform"}],"nm":"Group 4","np":2,"cix":2,"bm":0,"ix":4,"mn":"ADBE Vector Group","hd":false},{"ty":"gr","it":[{"ind":0,"ty":"sh","ix":1,"ks":{"a":0,"k":{"i":[[0.276,0],[0,0.276],[0,0],[1.378,0],[0,0],[0,-1.379],[0,0],[0.276,0],[0,0.276],[0,0],[-1.93,0],[0,0],[0,-1.93],[0,0]],"o":[[-0.276,0],[0,0],[0,-1.379],[0,0],[-1.378,0],[0,0],[0,0.276],[-0.276,0],[0,0],[0,-1.93],[0,0],[1.93,0],[0,0],[0,0.276]],"v":[[10,5.377],[9.5,4.877],[9.5,-1.877],[7,-4.377],[-7,-4.377],[-9.5,-1.877],[-9.5,4.877],[-10,5.377],[-10.5,4.877],[-10.5,-1.877],[-7,-5.377],[7,-5.377],[10.5,-1.877],[10.5,4.877]],"c":true},"ix":2},"nm":"Path 1","mn":"ADBE Vector Shape - Group","hd":false},{"ty":"fl","c":{"a":0,"k":[0,0.100487593109,0.145006965188,1],"ix":4},"o":{"a":0,"k":100,"ix":5},"r":1,"bm":0,"nm":"Fill 1","mn":"ADBE Vector Graphic - Fill","hd":false},{"ty":"tr","p":{"a":0,"k":[37.75,5.627],"ix":2},"a":{"a":0,"k":[0,0],"ix":1},"s":{"a":0,"k":[100,100],"ix":3},"r":{"a":0,"k":0,"ix":6},"o":{"a":0,"k":100,"ix":7},"sk":{"a":0,"k":0,"ix":4},"sa":{"a":0,"k":0,"ix":5},"nm":"Transform"}],"nm":"Group 5","np":2,"cix":2,"bm":0,"ix":5,"mn":"ADBE Vector Group","hd":false},{"ty":"gr","it":[{"ind":0,"ty":"sh","ix":1,"ks":{"a":0,"k":{"i":[[0,0],[0,-3.032],[0,0],[-3.033,0],[0,0],[0,3.032],[0,0],[3.033,0]],"o":[[-3.033,0],[0,0],[0,3.032],[0,0],[3.033,0],[0,0],[0,-3.032],[0,0]],"v":[[-31,-21.906],[-36.5,-16.406],[-36.5,21.594],[-31,27.094],[31,27.094],[36.5,21.594],[36.5,-16.406],[31,-21.906]],"c":true},"ix":2},"nm":"Path 1","mn":"ADBE Vector Shape - Group","hd":false},{"ind":1,"ty":"sh","ix":2,"ks":{"a":0,"k":{"i":[[3.584,0],[0,0],[0,3.584],[0,0],[-3.584,0],[0,0],[0,-3.584],[0,0]],"o":[[0,0],[-3.584,0],[0,0],[0,-3.584],[0,0],[3.584,0],[0,0],[0,3.584]],"v":[[31,28.094],[-31,28.094],[-37.5,21.594],[-37.5,-16.406],[-31,-22.906],[31,-22.906],[37.5,-16.406],[37.5,21.594]],"c":true},"ix":2},"nm":"Path 2","mn":"ADBE Vector Shape - Group","hd":false},{"ty":"mm","mm":1,"nm":"Merge Paths 1","mn":"ADBE Vector Filter - Merge","hd":false},{"ty":"fl","c":{"a":0,"k":[0,0.100487593109,0.145006965188,1],"ix":4},"o":{"a":0,"k":100,"ix":5},"r":1,"bm":0,"nm":"Fill 1","mn":"ADBE Vector Graphic - Fill","hd":false},{"ty":"tr","p":{"a":0,"k":[37.75,33.156],"ix":2},"a":{"a":0,"k":[0,0],"ix":1},"s":{"a":0,"k":[100,100],"ix":3},"r":{"a":0,"k":0,"ix":6},"o":{"a":0,"k":100,"ix":7},"sk":{"a":0,"k":0,"ix":4},"sa":{"a":0,"k":0,"ix":5},"nm":"Transform"}],"nm":"Group 6","np":6,"cix":2,"bm":0,"ix":6,"mn":"ADBE Vector Group","hd":false},{"ty":"gr","it":[{"ind":0,"ty":"sh","ix":1,"ks":{"a":0,"k":{"i":[[0.276,0],[0,0.276],[0,0],[-0.276,0],[0,-0.276],[0,0]],"o":[[-0.276,0],[0,0],[0,-0.276],[0.276,0],[0,0],[0,0.276]],"v":[[0,25.094],[-0.5,24.594],[-0.5,-22.406],[0,-22.906],[0.5,-22.406],[0.5,24.594]],"c":true},"ix":2},"nm":"Path 1","mn":"ADBE Vector Shape - Group","hd":false},{"ty":"fl","c":{"a":0,"k":[0,0.100487593109,0.145006965188,1],"ix":4},"o":{"a":0,"k":100,"ix":5},"r":1,"bm":0,"nm":"Fill 1","mn":"ADBE Vector Graphic - Fill","hd":false},{"ty":"tr","p":{"a":0,"k":[66.292,33.156],"ix":2},"a":{"a":0,"k":[0,0],"ix":1},"s":{"a":0,"k":[100,100],"ix":3},"r":{"a":0,"k":0,"ix":6},"o":{"a":0,"k":100,"ix":7},"sk":{"a":0,"k":0,"ix":4},"sa":{"a":0,"k":0,"ix":5},"nm":"Transform"}],"nm":"Group 7","np":4,"cix":2,"bm":0,"ix":7,"mn":"ADBE Vector Group","hd":false}],"ip":0,"op":240,"st":0,"bm":0},{"ddd":0,"ind":22,"ty":0,"nm":"Chart","refId":"comp_1","sr":1,"ks":{"o":{"a":0,"k":100,"ix":11},"r":{"a":0,"k":0,"ix":10},"p":{"a":1,"k":[{"i":{"x":0.833,"y":0.833},"o":{"x":0.167,"y":0.167},"t":81,"s":[276.5,135,0],"to":[0,0,0],"ti":[0,0,0]},{"t":180,"s":[276.5,135,0]}],"ix":2},"a":{"a":0,"k":[83.5,205.5,0],"ix":1},"s":{"a":1,"k":[{"i":{"x":[0.667,0.667,0.667],"y":[1,1,1]},"o":{"x":[0.333,0.333,0.333],"y":[0,0,0]},"t":31,"s":[-11,-11,100]},{"t":73,"s":[39,39,100]}],"ix":6}},"ao":0,"w":169,"h":203,"ip":42,"op":300,"st":0,"bm":0}]},{"id":"comp_1","layers":[{"ddd":0,"ind":2,"ty":4,"nm":"Layer 21 Outlines","sr":1,"ks":{"o":{"a":0,"k":100,"ix":11},"r":{"a":0,"k":0,"ix":10},"p":{"a":0,"k":[81.945,113.843,0],"ix":2},"a":{"a":0,"k":[58.977,20.608,0],"ix":1},"s":{"a":0,"k":[100,100,100],"ix":6}},"ao":0,"shapes":[{"ty":"gr","it":[{"ind":0,"ty":"sh","ix":1,"ks":{"a":0,"k":{"i":[[0,0],[-9.205,-1.859],[-8.581,-0.001],[-8.553,0],[-8.789,0.722],[-6.466,0],[-9.173,-0.053],[-6.483,5.938],[0,0],[0,0],[0,0]],"o":[[0,0],[13.439,2.716],[10.48,0.002],[8.553,0],[8.682,-0.713],[6.749,0],[10.404,0.061],[7.446,-6.819],[0,0],[0,0],[0,0]],"v":[[-58.977,1.74],[-48.992,-1.553],[-30.062,-18.26],[-15.2,-1.071],[1.07,-20.583],[15.249,-6.123],[27.487,-10.164],[44.235,-4.056],[58.977,-2.33],[58.977,20.608],[-58.977,20.608]],"c":true},"ix":2},"nm":"Path 1","mn":"ADBE Vector Shape - Group","hd":false},{"ty":"gr","it":[{"ind":0,"ty":"sh","ix":1,"ks":{"a":0,"k":{"i":[[0,0],[0,0],[0,0],[0,0]],"o":[[0,0],[0,0],[0,0],[0,0]],"v":[[-81.945,89.104],[86.31,89.104],[86.31,-113.843],[-81.945,-113.843]],"c":true},"ix":2},"nm":"Path 1","mn":"ADBE Vector Shape - Group","hd":false},{"ind":1,"ty":"sh","ix":2,"ks":{"a":0,"k":{"i":[[0,0],[0,0],[0,0],[0,0]],"o":[[0,0],[0,0],[0,0],[0,0]],"v":[[-81.945,-113.843],[86.31,-113.843],[86.31,89.104],[-81.945,89.104]],"c":true},"ix":2},"nm":"Path 2","mn":"ADBE Vector Shape - Group","hd":false},{"ind":2,"ty":"sh","ix":3,"ks":{"a":0,"k":{"i":[[0,0],[0,0],[0,0],[0,0]],"o":[[0,0],[0,0],[0,0],[0,0]],"v":[[-58.977,20.608],[58.977,20.608],[58.977,-20.608],[-58.977,-20.608]],"c":true},"ix":2},"nm":"Path 3","mn":"ADBE Vector Shape - Group","hd":false},{"ty":"tr","p":{"a":0,"k":[0,0],"ix":2},"a":{"a":0,"k":[0,0],"ix":1},"s":{"a":0,"k":[100,100],"ix":3},"r":{"a":0,"k":0,"ix":6},"o":{"a":0,"k":100,"ix":7},"sk":{"a":0,"k":0,"ix":4},"sa":{"a":0,"k":0,"ix":5},"nm":"Transform"}],"nm":"Group 1","np":3,"cix":2,"bm":0,"ix":2,"mn":"ADBE Vector Group","hd":false},{"ty":"mm","mm":2,"nm":"Merge Paths 1","mn":"ADBE Vector Filter - Merge","hd":false},{"ty":"tr","p":{"a":0,"k":[58.977,20.608],"ix":2},"a":{"a":0,"k":[0,0],"ix":1},"s":{"a":0,"k":[100,100],"ix":3},"r":{"a":0,"k":0,"ix":6},"o":{"a":0,"k":100,"ix":7},"sk":{"a":0,"k":0,"ix":4},"sa":{"a":0,"k":0,"ix":5},"nm":"Transform"}],"nm":"Group 1","np":3,"cix":2,"bm":0,"ix":1,"mn":"ADBE Vector Group","hd":false}],"ip":0,"op":280,"st":0,"bm":0},{"ddd":0,"ind":3,"ty":4,"nm":"Layer 19 Outlines","sr":1,"ks":{"o":{"a":0,"k":100,"ix":11},"r":{"a":0,"k":0,"ix":10},"p":{"a":0,"k":[84.518,216.675,0],"ix":2},"a":{"a":0,"k":[61.8,183.25,0],"ix":1},"s":{"a":1,"k":[{"i":{"x":[0.833,0.833,0.833],"y":[0.833,0.833,0.833]},"o":{"x":[0.167,0.167,0.167],"y":[0.167,0.167,0.167]},"t":20,"s":[0,0,100]},{"t":59,"s":[100,100,100]}],"ix":6}},"ao":0,"shapes":[{"ty":"gr","it":[{"ind":0,"ty":"sh","ix":1,"ks":{"a":0,"k":{"i":[[0.679,0],[0,0],[0,0.678],[0,0],[-0.68,0],[0,0],[0,-0.679],[0,0]],"o":[[0,0],[-0.68,0],[0,0],[0,-0.679],[0,0],[0.679,0],[0,0],[0,0.678]],"v":[[4.209,1.852],[-4.208,1.852],[-5.443,0.618],[-5.443,-0.617],[-4.208,-1.852],[4.209,-1.852],[5.443,-0.617],[5.443,0.618]],"c":true},"ix":2},"nm":"Path 1","mn":"ADBE Vector Shape - Group","hd":false},{"ty":"fl","c":{"a":0,"k":[0.572507611443,0.818008722044,0.922272566253,1],"ix":4},"o":{"a":0,"k":100,"ix":5},"r":1,"bm":0,"nm":"Fill 1","mn":"ADBE Vector Graphic - Fill","hd":false},{"ty":"tr","p":{"a":0,"k":[57.907,27.732],"ix":2},"a":{"a":0,"k":[0,0],"ix":1},"s":{"a":0,"k":[100,100],"ix":3},"r":{"a":0,"k":0,"ix":6},"o":{"a":0,"k":100,"ix":7},"sk":{"a":0,"k":0,"ix":4},"sa":{"a":0,"k":0,"ix":5},"nm":"Transform"}],"nm":"Group 1","np":4,"cix":2,"bm":0,"ix":1,"mn":"ADBE Vector Group","hd":false},{"ty":"gr","it":[{"ind":0,"ty":"sh","ix":1,"ks":{"a":0,"k":{"i":[[0,-1.39],[1.39,0],[0,1.39],[-1.39,0]],"o":[[0,1.39],[-1.39,0],[0,-1.39],[1.39,0]],"v":[[2.517,0],[0,2.517],[-2.517,0],[0,-2.517]],"c":true},"ix":2},"nm":"Path 1","mn":"ADBE Vector Shape - Group","hd":false},{"ty":"fl","c":{"a":0,"k":[0.572507611443,0.818008722044,0.922272566253,1],"ix":4},"o":{"a":0,"k":100,"ix":5},"r":1,"bm":0,"nm":"Fill 1","mn":"ADBE Vector Graphic - Fill","hd":false},{"ty":"tr","p":{"a":0,"k":[2.767,27.733],"ix":2},"a":{"a":0,"k":[0,0],"ix":1},"s":{"a":0,"k":[100,100],"ix":3},"r":{"a":0,"k":0,"ix":6},"o":{"a":0,"k":100,"ix":7},"sk":{"a":0,"k":0,"ix":4},"sa":{"a":0,"k":0,"ix":5},"nm":"Transform"}],"nm":"Group 2","np":4,"cix":2,"bm":0,"ix":2,"mn":"ADBE Vector Group","hd":false},{"ty":"gr","it":[{"ind":0,"ty":"sh","ix":1,"ks":{"a":0,"k":{"i":[[0.679,0],[0,0],[0,0.678],[0,0],[-0.679,0],[0,0],[0,-0.679],[0,0]],"o":[[0,0],[-0.679,0],[0,0],[0,-0.679],[0,0],[0.679,0],[0,0],[0,0.678]],"v":[[16.543,1.852],[-16.543,1.852],[-17.777,0.618],[-17.777,-0.617],[-16.543,-1.852],[16.543,-1.852],[17.777,-0.617],[17.777,0.618]],"c":true},"ix":2},"nm":"Path 1","mn":"ADBE Vector Shape - Group","hd":false},{"ty":"fl","c":{"a":0,"k":[0.572507611443,0.818008722044,0.922272566253,1],"ix":4},"o":{"a":0,"k":100,"ix":5},"r":1,"bm":0,"nm":"Fill 1","mn":"ADBE Vector Graphic - Fill","hd":false},{"ty":"tr","p":{"a":0,"k":[24.911,27.732],"ix":2},"a":{"a":0,"k":[0,0],"ix":1},"s":{"a":0,"k":[100,100],"ix":3},"r":{"a":0,"k":0,"ix":6},"o":{"a":0,"k":100,"ix":7},"sk":{"a":0,"k":0,"ix":4},"sa":{"a":0,"k":0,"ix":5},"nm":"Transform"}],"nm":"Group 3","np":4,"cix":2,"bm":0,"ix":3,"mn":"ADBE Vector Group","hd":false},{"ty":"gr","it":[{"ind":0,"ty":"sh","ix":1,"ks":{"a":0,"k":{"i":[[0.679,0],[0,0],[0,0.679],[0,0],[-0.68,0],[0,0],[0,-0.679],[0,0]],"o":[[0,0],[-0.68,0],[0,0],[0,-0.679],[0,0],[0.679,0],[0,0],[0,0.679]],"v":[[4.209,1.851],[-4.208,1.851],[-5.443,0.617],[-5.443,-0.617],[-4.208,-1.851],[4.209,-1.851],[5.443,-0.617],[5.443,0.617]],"c":true},"ix":2},"nm":"Path 1","mn":"ADBE Vector Shape - Group","hd":false},{"ty":"fl","c":{"a":0,"k":[0.572507611443,0.818008722044,0.922272566253,1],"ix":4},"o":{"a":0,"k":100,"ix":5},"r":1,"bm":0,"nm":"Fill 1","mn":"ADBE Vector Graphic - Fill","hd":false},{"ty":"tr","p":{"a":0,"k":[57.907,14.819],"ix":2},"a":{"a":0,"k":[0,0],"ix":1},"s":{"a":0,"k":[100,100],"ix":3},"r":{"a":0,"k":0,"ix":6},"o":{"a":0,"k":100,"ix":7},"sk":{"a":0,"k":0,"ix":4},"sa":{"a":0,"k":0,"ix":5},"nm":"Transform"}],"nm":"Group 4","np":4,"cix":2,"bm":0,"ix":4,"mn":"ADBE Vector Group","hd":false},{"ty":"gr","it":[{"ind":0,"ty":"sh","ix":1,"ks":{"a":0,"k":{"i":[[0,-1.39],[1.39,0],[0,1.39],[-1.39,0]],"o":[[0,1.39],[-1.39,0],[0,-1.39],[1.39,0]],"v":[[2.517,0],[0,2.517],[-2.517,0],[0,-2.517]],"c":true},"ix":2},"nm":"Path 1","mn":"ADBE Vector Shape - Group","hd":false},{"ty":"fl","c":{"a":0,"k":[0.572507611443,0.818008722044,0.922272566253,1],"ix":4},"o":{"a":0,"k":100,"ix":5},"r":1,"bm":0,"nm":"Fill 1","mn":"ADBE Vector Graphic - Fill","hd":false},{"ty":"tr","p":{"a":0,"k":[2.767,14.819],"ix":2},"a":{"a":0,"k":[0,0],"ix":1},"s":{"a":0,"k":[100,100],"ix":3},"r":{"a":0,"k":0,"ix":6},"o":{"a":0,"k":100,"ix":7},"sk":{"a":0,"k":0,"ix":4},"sa":{"a":0,"k":0,"ix":5},"nm":"Transform"}],"nm":"Group 5","np":4,"cix":2,"bm":0,"ix":5,"mn":"ADBE Vector Group","hd":false},{"ty":"gr","it":[{"ind":0,"ty":"sh","ix":1,"ks":{"a":0,"k":{"i":[[0.679,0],[0,0],[0,0.679],[0,0],[-0.679,0],[0,0],[0,-0.679],[0,0]],"o":[[0,0],[-0.679,0],[0,0],[0,-0.679],[0,0],[0.679,0],[0,0],[0,0.679]],"v":[[16.543,1.851],[-16.543,1.851],[-17.777,0.617],[-17.777,-0.617],[-16.543,-1.851],[16.543,-1.851],[17.777,-0.617],[17.777,0.617]],"c":true},"ix":2},"nm":"Path 1","mn":"ADBE Vector Shape - Group","hd":false},{"ty":"fl","c":{"a":0,"k":[0.572507611443,0.818008722044,0.922272566253,1],"ix":4},"o":{"a":0,"k":100,"ix":5},"r":1,"bm":0,"nm":"Fill 1","mn":"ADBE Vector Graphic - Fill","hd":false},{"ty":"tr","p":{"a":0,"k":[24.911,14.819],"ix":2},"a":{"a":0,"k":[0,0],"ix":1},"s":{"a":0,"k":[100,100],"ix":3},"r":{"a":0,"k":0,"ix":6},"o":{"a":0,"k":100,"ix":7},"sk":{"a":0,"k":0,"ix":4},"sa":{"a":0,"k":0,"ix":5},"nm":"Transform"}],"nm":"Group 6","np":4,"cix":2,"bm":0,"ix":6,"mn":"ADBE Vector Group","hd":false},{"ty":"gr","it":[{"ind":0,"ty":"sh","ix":1,"ks":{"a":0,"k":{"i":[[0.679,0],[0,0],[0,0.679],[0,0],[-0.68,0],[0,0],[0,-0.679],[0,0]],"o":[[0,0],[-0.68,0],[0,0],[0,-0.679],[0,0],[0.679,0],[0,0],[0,0.679]],"v":[[4.209,1.852],[-4.208,1.852],[-5.443,0.618],[-5.443,-0.617],[-4.208,-1.852],[4.209,-1.852],[5.443,-0.617],[5.443,0.618]],"c":true},"ix":2},"nm":"Path 1","mn":"ADBE Vector Shape - Group","hd":false},{"ty":"fl","c":{"a":0,"k":[0.572507611443,0.818008722044,0.922272566253,1],"ix":4},"o":{"a":0,"k":100,"ix":5},"r":1,"bm":0,"nm":"Fill 1","mn":"ADBE Vector Graphic - Fill","hd":false},{"ty":"tr","p":{"a":0,"k":[57.907,2.767],"ix":2},"a":{"a":0,"k":[0,0],"ix":1},"s":{"a":0,"k":[100,100],"ix":3},"r":{"a":0,"k":0,"ix":6},"o":{"a":0,"k":100,"ix":7},"sk":{"a":0,"k":0,"ix":4},"sa":{"a":0,"k":0,"ix":5},"nm":"Transform"}],"nm":"Group 7","np":4,"cix":2,"bm":0,"ix":7,"mn":"ADBE Vector Group","hd":false},{"ty":"gr","it":[{"ind":0,"ty":"sh","ix":1,"ks":{"a":0,"k":{"i":[[0,-1.39],[1.39,0],[0,1.39],[-1.39,0]],"o":[[0,1.39],[-1.39,0],[0,-1.39],[1.39,0]],"v":[[2.517,0],[0,2.517],[-2.517,0],[0,-2.517]],"c":true},"ix":2},"nm":"Path 1","mn":"ADBE Vector Shape - Group","hd":false},{"ty":"fl","c":{"a":0,"k":[0.572507611443,0.818008722044,0.922272566253,1],"ix":4},"o":{"a":0,"k":100,"ix":5},"r":1,"bm":0,"nm":"Fill 1","mn":"ADBE Vector Graphic - Fill","hd":false},{"ty":"tr","p":{"a":0,"k":[2.767,2.767],"ix":2},"a":{"a":0,"k":[0,0],"ix":1},"s":{"a":0,"k":[100,100],"ix":3},"r":{"a":0,"k":0,"ix":6},"o":{"a":0,"k":100,"ix":7},"sk":{"a":0,"k":0,"ix":4},"sa":{"a":0,"k":0,"ix":5},"nm":"Transform"}],"nm":"Group 8","np":4,"cix":2,"bm":0,"ix":8,"mn":"ADBE Vector Group","hd":false},{"ty":"gr","it":[{"ind":0,"ty":"sh","ix":1,"ks":{"a":0,"k":{"i":[[0.679,0],[0,0],[0,0.679],[0,0],[-0.679,0],[0,0],[0,-0.679],[0,0]],"o":[[0,0],[-0.679,0],[0,0],[0,-0.679],[0,0],[0.679,0],[0,0],[0,0.679]],"v":[[16.543,1.852],[-16.543,1.852],[-17.777,0.618],[-17.777,-0.617],[-16.543,-1.852],[16.543,-1.852],[17.777,-0.617],[17.777,0.618]],"c":true},"ix":2},"nm":"Path 1","mn":"ADBE Vector Shape - Group","hd":false},{"ty":"fl","c":{"a":0,"k":[0.572507611443,0.818008722044,0.922272566253,1],"ix":4},"o":{"a":0,"k":100,"ix":5},"r":1,"bm":0,"nm":"Fill 1","mn":"ADBE Vector Graphic - Fill","hd":false},{"ty":"tr","p":{"a":0,"k":[24.911,2.767],"ix":2},"a":{"a":0,"k":[0,0],"ix":1},"s":{"a":0,"k":[100,100],"ix":3},"r":{"a":0,"k":0,"ix":6},"o":{"a":0,"k":100,"ix":7},"sk":{"a":0,"k":0,"ix":4},"sa":{"a":0,"k":0,"ix":5},"nm":"Transform"}],"nm":"Group 9","np":4,"cix":2,"bm":0,"ix":9,"mn":"ADBE Vector Group","hd":false}],"ip":20,"op":300,"st":20,"bm":0},{"ddd":0,"ind":4,"ty":4,"nm":"Layer 20 Outlines","sr":1,"ks":{"o":{"a":0,"k":100,"ix":11},"r":{"a":0,"k":0,"ix":10},"p":{"a":0,"k":[81.945,201.974,0],"ix":2},"a":{"a":0,"k":[58.977,100.476,0],"ix":1},"s":{"a":1,"k":[{"i":{"x":[0.833,0.833,0.833],"y":[0.833,0.833,0.833]},"o":{"x":[0.167,0.167,0.167],"y":[0.167,0.167,0.167]},"t":59,"s":[0,0,100]},{"t":90,"s":[100,100,100]}],"ix":6}},"ao":0,"shapes":[{"ty":"gr","it":[{"ind":0,"ty":"sh","ix":1,"ks":{"a":0,"k":{"i":[[0,0],[-7.184,-5.227],[-8.553,0.581],[-8.553,0],[-8.789,0.722],[-6.466,0],[-2.12,-2.707],[-2.736,9.002],[0,0],[0,0],[0,0]],"o":[[0,0],[7.185,5.228],[8.553,-0.581],[8.553,0],[8.682,-0.713],[6.749,0],[4.814,6.144],[2.737,-9.002],[0,0],[0,0],[0,0]],"v":[[-58.977,-2.392],[-44.28,-11.685],[-32.419,-2.392],[-15.2,-12.203],[1.07,-3.715],[15.249,-10.255],[27.487,-3.295],[44.235,-8.188],[58.977,-16.462],[58.977,16.476],[-58.977,16.476]],"c":true},"ix":2},"nm":"Path 1","mn":"ADBE Vector Shape - Group","hd":false},{"ty":"fl","c":{"a":0,"k":[0.2901960784313726,0.5647058823529412,0.8862745098039215,1],"ix":4},"o":{"a":0,"k":100,"ix":5},"r":1,"bm":0,"nm":"Fill 1","mn":"ADBE Vector Graphic - Fill","hd":false},{"ty":"tr","p":{"a":0,"k":[58.977,16.476],"ix":2},"a":{"a":0,"k":[0,0],"ix":1},"s":{"a":0,"k":[100,100],"ix":3},"r":{"a":0,"k":0,"ix":6},"o":{"a":0,"k":100,"ix":7},"sk":{"a":0,"k":0,"ix":4},"sa":{"a":0,"k":0,"ix":5},"nm":"Transform"}],"nm":"Group 1","np":4,"cix":2,"bm":0,"ix":1,"mn":"ADBE Vector Group","hd":false}],"ip":0,"op":280,"st":0,"bm":0},{"ddd":0,"ind":5,"ty":4,"nm":"Layer 23 Outlines","sr":1,"ks":{"o":{"a":0,"k":100,"ix":11},"r":{"a":0,"k":0,"ix":10},"p":{"a":0,"k":[83.945,204.719,0],"ix":2},"a":{"a":0,"k":[60.977,123.731,0],"ix":1},"s":{"a":1,"k":[{"i":{"x":[0.833,0.833,0.833],"y":[0.833,0.833,0.833]},"o":{"x":[0.167,0.167,0.167],"y":[0.167,0.167,0.167]},"t":59,"s":[0,0,100]},{"t":90,"s":[100,100,100]}],"ix":6}},"ao":0,"shapes":[{"ty":"gr","it":[{"ind":0,"ty":"sh","ix":1,"ks":{"a":0,"k":{"i":[[1.878,0],[0,0],[0,1.879],[0,0],[-1.878,0],[0,0],[0,-1.879],[0,0]],"o":[[0,0],[-1.878,0],[0,0],[0,-1.879],[0,0],[1.878,0],[0,0],[0,1.879]],"v":[[55.563,26.731],[-55.562,26.731],[-58.977,23.316],[-58.977,-23.316],[-55.562,-26.731],[55.563,-26.731],[58.977,-23.316],[58.977,23.316]],"c":true},"ix":2},"nm":"Path 1","mn":"ADBE Vector Shape - Group","hd":false},{"ty":"fl","c":{"a":0,"k":[0.932703414618,0.932703414618,0.932703414618,1],"ix":4},"o":{"a":0,"k":100,"ix":5},"r":1,"bm":0,"nm":"Fill 1","mn":"ADBE Vector Graphic - Fill","hd":false},{"ty":"tr","p":{"a":0,"k":[58.977,26.732],"ix":2},"a":{"a":0,"k":[0,0],"ix":1},"s":{"a":0,"k":[100,100],"ix":3},"r":{"a":0,"k":0,"ix":6},"o":{"a":0,"k":100,"ix":7},"sk":{"a":0,"k":0,"ix":4},"sa":{"a":0,"k":0,"ix":5},"nm":"Transform"}],"nm":"Group 1","np":4,"cix":2,"bm":0,"ix":1,"mn":"ADBE Vector Group","hd":false}],"ip":0,"op":280,"st":0,"bm":0},{"ddd":0,"ind":6,"ty":4,"nm":"Shape Layer 4","parent":15,"sr":1,"ks":{"o":{"a":0,"k":100,"ix":11},"r":{"a":0,"k":0,"ix":10},"p":{"a":0,"k":[135.033,-39.743,0],"ix":2},"a":{"a":0,"k":[0,0,0],"ix":1},"s":{"a":0,"k":[100,100,100],"ix":6}},"ao":0,"shapes":[{"ty":"gr","it":[{"ty":"rc","d":1,"s":{"a":0,"k":[30.234,6.863],"ix":2},"p":{"a":0,"k":[0,0],"ix":3},"r":{"a":0,"k":0,"ix":4},"nm":"Rectangle Path 1","mn":"ADBE Vector Shape - Rect","hd":false},{"ty":"fl","c":{"a":0,"k":[1,1,1,1],"ix":4},"o":{"a":0,"k":100,"ix":5},"r":1,"bm":0,"nm":"Fill 1","mn":"ADBE Vector Graphic - Fill","hd":false},{"ty":"tr","p":{"a":0,"k":[-40.883,47.932],"ix":2},"a":{"a":0,"k":[0,0],"ix":1},"s":{"a":0,"k":[100,100],"ix":3},"r":{"a":0,"k":0,"ix":6},"o":{"a":0,"k":100,"ix":7},"sk":{"a":0,"k":0,"ix":4},"sa":{"a":0,"k":0,"ix":5},"nm":"Transform"}],"nm":"Rectangle 1","np":3,"cix":2,"bm":0,"ix":1,"mn":"ADBE Vector Group","hd":false}],"ip":0,"op":280,"st":0,"bm":0},{"ddd":0,"ind":7,"ty":4,"nm":"Shape Layer 3","parent":15,"sr":1,"ks":{"o":{"a":0,"k":100,"ix":11},"r":{"a":0,"k":0,"ix":10},"p":{"a":0,"k":[98.283,-39.743,0],"ix":2},"a":{"a":0,"k":[0,0,0],"ix":1},"s":{"a":0,"k":[100,100,100],"ix":6}},"ao":0,"shapes":[{"ty":"gr","it":[{"ty":"rc","d":1,"s":{"a":0,"k":[30.234,6.863],"ix":2},"p":{"a":0,"k":[0,0],"ix":3},"r":{"a":0,"k":0,"ix":4},"nm":"Rectangle Path 1","mn":"ADBE Vector Shape - Rect","hd":false},{"ty":"fl","c":{"a":0,"k":[1,1,1,1],"ix":4},"o":{"a":0,"k":100,"ix":5},"r":1,"bm":0,"nm":"Fill 1","mn":"ADBE Vector Graphic - Fill","hd":false},{"ty":"tr","p":{"a":0,"k":[-40.883,47.932],"ix":2},"a":{"a":0,"k":[0,0],"ix":1},"s":{"a":0,"k":[100,100],"ix":3},"r":{"a":0,"k":0,"ix":6},"o":{"a":0,"k":100,"ix":7},"sk":{"a":0,"k":0,"ix":4},"sa":{"a":0,"k":0,"ix":5},"nm":"Transform"}],"nm":"Rectangle 1","np":3,"cix":2,"bm":0,"ix":1,"mn":"ADBE Vector Group","hd":false}],"ip":0,"op":280,"st":0,"bm":0},{"ddd":0,"ind":8,"ty":4,"nm":"Shape Layer 2","parent":15,"sr":1,"ks":{"o":{"a":0,"k":100,"ix":11},"r":{"a":0,"k":0,"ix":10},"p":{"a":0,"k":[61.533,-39.743,0],"ix":2},"a":{"a":0,"k":[0,0,0],"ix":1},"s":{"a":0,"k":[100,100,100],"ix":6}},"ao":0,"shapes":[{"ty":"gr","it":[{"ty":"rc","d":1,"s":{"a":0,"k":[30.234,6.863],"ix":2},"p":{"a":0,"k":[0,0],"ix":3},"r":{"a":0,"k":0,"ix":4},"nm":"Rectangle Path 1","mn":"ADBE Vector Shape - Rect","hd":false},{"ty":"fl","c":{"a":0,"k":[1,1,1,1],"ix":4},"o":{"a":0,"k":100,"ix":5},"r":1,"bm":0,"nm":"Fill 1","mn":"ADBE Vector Graphic - Fill","hd":false},{"ty":"tr","p":{"a":0,"k":[-40.883,47.932],"ix":2},"a":{"a":0,"k":[0,0],"ix":1},"s":{"a":0,"k":[100,100],"ix":3},"r":{"a":0,"k":0,"ix":6},"o":{"a":0,"k":100,"ix":7},"sk":{"a":0,"k":0,"ix":4},"sa":{"a":0,"k":0,"ix":5},"nm":"Transform"}],"nm":"Rectangle 1","np":3,"cix":2,"bm":0,"ix":1,"mn":"ADBE Vector Group","hd":false}],"ip":0,"op":280,"st":0,"bm":0},{"ddd":0,"ind":9,"ty":4,"nm":"Shape Layer 7","parent":15,"sr":1,"ks":{"o":{"a":0,"k":100,"ix":11},"r":{"a":0,"k":0,"ix":10},"p":{"a":0,"k":[135.033,-8.493,0],"ix":2},"a":{"a":0,"k":[0,0,0],"ix":1},"s":{"a":0,"k":[100,57,100],"ix":6}},"ao":0,"shapes":[{"ty":"gr","it":[{"ty":"rc","d":1,"s":{"a":0,"k":[30.234,6.863],"ix":2},"p":{"a":0,"k":[0,0],"ix":3},"r":{"a":0,"k":0,"ix":4},"nm":"Rectangle Path 1","mn":"ADBE Vector Shape - Rect","hd":false},{"ty":"fl","c":{"a":0,"k":[1,1,1,1],"ix":4},"o":{"a":0,"k":100,"ix":5},"r":1,"bm":0,"nm":"Fill 1","mn":"ADBE Vector Graphic - Fill","hd":false},{"ty":"tr","p":{"a":0,"k":[-40.883,47.932],"ix":2},"a":{"a":0,"k":[0,0],"ix":1},"s":{"a":0,"k":[100,100],"ix":3},"r":{"a":0,"k":0,"ix":6},"o":{"a":0,"k":100,"ix":7},"sk":{"a":0,"k":0,"ix":4},"sa":{"a":0,"k":0,"ix":5},"nm":"Transform"}],"nm":"Rectangle 1","np":3,"cix":2,"bm":0,"ix":1,"mn":"ADBE Vector Group","hd":false}],"ip":0,"op":280,"st":0,"bm":0},{"ddd":0,"ind":10,"ty":4,"nm":"Shape Layer 10","parent":15,"sr":1,"ks":{"o":{"a":0,"k":100,"ix":11},"r":{"a":0,"k":0,"ix":10},"p":{"a":0,"k":[135.033,1.507,0],"ix":2},"a":{"a":0,"k":[0,0,0],"ix":1},"s":{"a":0,"k":[100,57,100],"ix":6}},"ao":0,"shapes":[{"ty":"gr","it":[{"ty":"rc","d":1,"s":{"a":0,"k":[30.234,6.863],"ix":2},"p":{"a":0,"k":[0,0],"ix":3},"r":{"a":0,"k":0,"ix":4},"nm":"Rectangle Path 1","mn":"ADBE Vector Shape - Rect","hd":false},{"ty":"fl","c":{"a":0,"k":[1,1,1,1],"ix":4},"o":{"a":0,"k":100,"ix":5},"r":1,"bm":0,"nm":"Fill 1","mn":"ADBE Vector Graphic - Fill","hd":false},{"ty":"tr","p":{"a":0,"k":[-40.883,47.932],"ix":2},"a":{"a":0,"k":[0,0],"ix":1},"s":{"a":0,"k":[100,100],"ix":3},"r":{"a":0,"k":0,"ix":6},"o":{"a":0,"k":100,"ix":7},"sk":{"a":0,"k":0,"ix":4},"sa":{"a":0,"k":0,"ix":5},"nm":"Transform"}],"nm":"Rectangle 1","np":3,"cix":2,"bm":0,"ix":1,"mn":"ADBE Vector Group","hd":false}],"ip":0,"op":280,"st":0,"bm":0},{"ddd":0,"ind":11,"ty":4,"nm":"Shape Layer 9","parent":15,"sr":1,"ks":{"o":{"a":0,"k":100,"ix":11},"r":{"a":0,"k":0,"ix":10},"p":{"a":0,"k":[98.283,1.507,0],"ix":2},"a":{"a":0,"k":[0,0,0],"ix":1},"s":{"a":0,"k":[100,57,100],"ix":6}},"ao":0,"shapes":[{"ty":"gr","it":[{"ty":"rc","d":1,"s":{"a":0,"k":[30.234,6.863],"ix":2},"p":{"a":0,"k":[0,0],"ix":3},"r":{"a":0,"k":0,"ix":4},"nm":"Rectangle Path 1","mn":"ADBE Vector Shape - Rect","hd":false},{"ty":"fl","c":{"a":0,"k":[1,1,1,1],"ix":4},"o":{"a":0,"k":100,"ix":5},"r":1,"bm":0,"nm":"Fill 1","mn":"ADBE Vector Graphic - Fill","hd":false},{"ty":"tr","p":{"a":0,"k":[-40.883,47.932],"ix":2},"a":{"a":0,"k":[0,0],"ix":1},"s":{"a":0,"k":[100,100],"ix":3},"r":{"a":0,"k":0,"ix":6},"o":{"a":0,"k":100,"ix":7},"sk":{"a":0,"k":0,"ix":4},"sa":{"a":0,"k":0,"ix":5},"nm":"Transform"}],"nm":"Rectangle 1","np":3,"cix":2,"bm":0,"ix":1,"mn":"ADBE Vector Group","hd":false}],"ip":0,"op":280,"st":0,"bm":0},{"ddd":0,"ind":12,"ty":4,"nm":"Shape Layer 8","parent":15,"sr":1,"ks":{"o":{"a":0,"k":100,"ix":11},"r":{"a":0,"k":0,"ix":10},"p":{"a":0,"k":[61.533,1.507,0],"ix":2},"a":{"a":0,"k":[0,0,0],"ix":1},"s":{"a":0,"k":[100,57,100],"ix":6}},"ao":0,"shapes":[{"ty":"gr","it":[{"ty":"rc","d":1,"s":{"a":0,"k":[30.234,6.863],"ix":2},"p":{"a":0,"k":[0,0],"ix":3},"r":{"a":0,"k":0,"ix":4},"nm":"Rectangle Path 1","mn":"ADBE Vector Shape - Rect","hd":false},{"ty":"fl","c":{"a":0,"k":[1,1,1,1],"ix":4},"o":{"a":0,"k":100,"ix":5},"r":1,"bm":0,"nm":"Fill 1","mn":"ADBE Vector Graphic - Fill","hd":false},{"ty":"tr","p":{"a":0,"k":[-40.883,47.932],"ix":2},"a":{"a":0,"k":[0,0],"ix":1},"s":{"a":0,"k":[100,100],"ix":3},"r":{"a":0,"k":0,"ix":6},"o":{"a":0,"k":100,"ix":7},"sk":{"a":0,"k":0,"ix":4},"sa":{"a":0,"k":0,"ix":5},"nm":"Transform"}],"nm":"Rectangle 1","np":3,"cix":2,"bm":0,"ix":1,"mn":"ADBE Vector Group","hd":false}],"ip":0,"op":280,"st":0,"bm":0},{"ddd":0,"ind":13,"ty":4,"nm":"Shape Layer 6","parent":15,"sr":1,"ks":{"o":{"a":0,"k":100,"ix":11},"r":{"a":0,"k":0,"ix":10},"p":{"a":0,"k":[98.283,-8.493,0],"ix":2},"a":{"a":0,"k":[0,0,0],"ix":1},"s":{"a":0,"k":[100,57,100],"ix":6}},"ao":0,"shapes":[{"ty":"gr","it":[{"ty":"rc","d":1,"s":{"a":0,"k":[30.234,6.863],"ix":2},"p":{"a":0,"k":[0,0],"ix":3},"r":{"a":0,"k":0,"ix":4},"nm":"Rectangle Path 1","mn":"ADBE Vector Shape - Rect","hd":false},{"ty":"fl","c":{"a":0,"k":[1,1,1,1],"ix":4},"o":{"a":0,"k":100,"ix":5},"r":1,"bm":0,"nm":"Fill 1","mn":"ADBE Vector Graphic - Fill","hd":false},{"ty":"tr","p":{"a":0,"k":[-40.883,47.932],"ix":2},"a":{"a":0,"k":[0,0],"ix":1},"s":{"a":0,"k":[100,100],"ix":3},"r":{"a":0,"k":0,"ix":6},"o":{"a":0,"k":100,"ix":7},"sk":{"a":0,"k":0,"ix":4},"sa":{"a":0,"k":0,"ix":5},"nm":"Transform"}],"nm":"Rectangle 1","np":3,"cix":2,"bm":0,"ix":1,"mn":"ADBE Vector Group","hd":false}],"ip":0,"op":280,"st":0,"bm":0},{"ddd":0,"ind":14,"ty":4,"nm":"Shape Layer 5","parent":15,"sr":1,"ks":{"o":{"a":0,"k":100,"ix":11},"r":{"a":0,"k":0,"ix":10},"p":{"a":0,"k":[61.533,-8.493,0],"ix":2},"a":{"a":0,"k":[0,0,0],"ix":1},"s":{"a":0,"k":[100,57,100],"ix":6}},"ao":0,"shapes":[{"ty":"gr","it":[{"ty":"rc","d":1,"s":{"a":0,"k":[30.234,6.863],"ix":2},"p":{"a":0,"k":[0,0],"ix":3},"r":{"a":0,"k":0,"ix":4},"nm":"Rectangle Path 1","mn":"ADBE Vector Shape - Rect","hd":false},{"ty":"fl","c":{"a":0,"k":[1,1,1,1],"ix":4},"o":{"a":0,"k":100,"ix":5},"r":1,"bm":0,"nm":"Fill 1","mn":"ADBE Vector Graphic - Fill","hd":false},{"ty":"tr","p":{"a":0,"k":[-40.883,47.932],"ix":2},"a":{"a":0,"k":[0,0],"ix":1},"s":{"a":0,"k":[100,100],"ix":3},"r":{"a":0,"k":0,"ix":6},"o":{"a":0,"k":100,"ix":7},"sk":{"a":0,"k":0,"ix":4},"sa":{"a":0,"k":0,"ix":5},"nm":"Transform"}],"nm":"Rectangle 1","np":3,"cix":2,"bm":0,"ix":1,"mn":"ADBE Vector Group","hd":false}],"ip":0,"op":280,"st":0,"bm":0},{"ddd":0,"ind":15,"ty":4,"nm":"Layer 22 Outlines","sr":1,"ks":{"o":{"a":0,"k":100,"ix":11},"r":{"a":0,"k":0,"ix":10},"p":{"a":0,"k":[84.945,200.591,0],"ix":2},"a":{"a":0,"k":[61.977,59.348,0],"ix":1},"s":{"a":1,"k":[{"i":{"x":[0.833,0.833,0.833],"y":[0.833,0.833,0.833]},"o":{"x":[0.167,0.167,0.167],"y":[0.167,0.167,0.167]},"t":76,"s":[0,0,100]},{"t":107,"s":[100,100,100]}],"ix":6}},"ao":0,"shapes":[{"ty":"gr","it":[{"ind":0,"ty":"sh","ix":1,"ks":{"a":0,"k":{"i":[[1.878,0],[0,0],[0,1.878],[0,0],[-1.878,0],[0,0],[0,-1.878],[0,0]],"o":[[0,0],[-1.878,0],[0,0],[0,-1.878],[0,0],[1.878,0],[0,0],[0,1.878]],"v":[[55.563,21.348],[-55.562,21.348],[-58.977,17.933],[-58.977,-17.933],[-55.562,-21.347],[55.563,-21.347],[58.977,-17.933],[58.977,17.933]],"c":true},"ix":2},"nm":"Path 1","mn":"ADBE Vector Shape - Group","hd":false},{"ty":"fl","c":{"a":0,"k":[0.278676081639,0.669192504883,0.884359621534,1],"ix":4},"o":{"a":0,"k":100,"ix":5},"r":1,"bm":0,"nm":"Fill 1","mn":"ADBE Vector Graphic - Fill","hd":false},{"ty":"tr","p":{"a":0,"k":[58.977,21.348],"ix":2},"a":{"a":0,"k":[0,0],"ix":1},"s":{"a":0,"k":[100,100],"ix":3},"r":{"a":0,"k":0,"ix":6},"o":{"a":0,"k":100,"ix":7},"sk":{"a":0,"k":0,"ix":4},"sa":{"a":0,"k":0,"ix":5},"nm":"Transform"}],"nm":"Group 1","np":4,"cix":2,"bm":0,"ix":1,"mn":"ADBE Vector Group","hd":false}],"ip":17,"op":280,"st":17,"bm":0},{"ddd":0,"ind":16,"ty":4,"nm":"Layer 18 Outlines","sr":1,"ks":{"o":{"a":0,"k":100,"ix":11},"r":{"a":1,"k":[{"i":{"x":[0.833],"y":[0.833]},"o":{"x":[0.167],"y":[0.167]},"t":80,"s":[0]},{"t":125,"s":[97]}],"ix":10},"p":{"a":0,"k":[124.855,46.985,0],"ix":2},"a":{"a":0,"k":[20.25,20.25,0],"ix":1},"s":{"a":1,"k":[{"i":{"x":[0.833,0.833,0.833],"y":[0.833,0.833,0.833]},"o":{"x":[0.167,0.167,0.167],"y":[0.167,0.167,0.167]},"t":30,"s":[0,0,100]},{"t":55,"s":[100,100,100]}],"ix":6}},"ao":0,"shapes":[{"ty":"gr","it":[{"ind":0,"ty":"sh","ix":1,"ks":{"a":0,"k":{"i":[[2.789,-3.552],[0,0],[0,2.995],[7.299,0],[0,0],[0,-11.028]],"o":[[0,0],[1.844,-2.35],[0,-7.3],[0,0],[11.027,0],[0,4.525]],"v":[[5.737,16.172],[0.42,11.997],[3.24,3.827],[-9.999,-9.412],[-9.999,-16.172],[9.999,3.827]],"c":true},"ix":2},"nm":"Path 1","mn":"ADBE Vector Shape - Group","hd":false},{"ty":"fl","c":{"a":0,"k":[0.282473575368,0.524163579006,0.873935415231,1],"ix":4},"o":{"a":0,"k":100,"ix":5},"r":1,"bm":0,"nm":"Fill 1","mn":"ADBE Vector Graphic - Fill","hd":false},{"ty":"tr","p":{"a":0,"k":[30.25,16.423],"ix":2},"a":{"a":0,"k":[0,0],"ix":1},"s":{"a":0,"k":[100,100],"ix":3},"r":{"a":0,"k":0,"ix":6},"o":{"a":0,"k":100,"ix":7},"sk":{"a":0,"k":0,"ix":4},"sa":{"a":0,"k":0,"ix":5},"nm":"Transform"}],"nm":"Group 1","np":4,"cix":2,"bm":0,"ix":1,"mn":"ADBE Vector Group","hd":false},{"ty":"gr","it":[{"ind":0,"ty":"sh","ix":1,"ks":{"a":0,"k":{"i":[[0,-2.206],[0,0],[-1.589,2.919],[-7.329,0],[0,0],[2.325,-4.267]],"o":[[0,0],[0,-3.332],[3.51,-6.444],[0,0],[-4.852,0],[-1.049,1.929]],"v":[[-3.239,10],[-10,10],[-7.572,0.446],[10,-10],[10,-3.24],[-1.635,3.679]],"c":true},"ix":2},"nm":"Path 1","mn":"ADBE Vector Shape - Group","hd":false},{"ty":"fl","c":{"a":0,"k":[0.2901960784313726,0.5647058823529412,0.8862745098039215,1],"ix":4},"o":{"a":0,"k":100,"ix":5},"r":1,"bm":0,"nm":"Fill 1","mn":"ADBE Vector Graphic - Fill","hd":false},{"ty":"tr","p":{"a":0,"k":[10.25,10.25],"ix":2},"a":{"a":0,"k":[0,0],"ix":1},"s":{"a":0,"k":[100,100],"ix":3},"r":{"a":0,"k":0,"ix":6},"o":{"a":0,"k":100,"ix":7},"sk":{"a":0,"k":0,"ix":4},"sa":{"a":0,"k":0,"ix":5},"nm":"Transform"}],"nm":"Group 2","np":4,"cix":2,"bm":0,"ix":2,"mn":"ADBE Vector Group","hd":false},{"ty":"gr","it":[{"ind":0,"ty":"sh","ix":1,"ks":{"a":0,"k":{"i":[[7.3,0],[0,-7.3],[-7.3,0],[0,7.3]],"o":[[-7.3,0],[0,7.3],[7.3,0],[0,-7.3]],"v":[[0.001,-13.24],[-13.239,0],[0.001,13.24],[13.239,0]],"c":true},"ix":2},"nm":"Path 1","mn":"ADBE Vector Shape - Group","hd":false},{"ind":1,"ty":"sh","ix":2,"ks":{"a":0,"k":{"i":[[11.027,0],[0,11.028],[-11.028,0],[0,-11.028]],"o":[[-11.028,0],[0,-11.028],[11.027,0],[0,11.028]],"v":[[0.001,19.999],[-19.999,0],[0.001,-19.999],[19.999,0]],"c":true},"ix":2},"nm":"Path 2","mn":"ADBE Vector Shape - Group","hd":false},{"ty":"mm","mm":1,"nm":"Merge Paths 1","mn":"ADBE Vector Filter - Merge","hd":false},{"ty":"fl","c":{"a":0,"k":[0.278676081639,0.669192504883,0.884359621534,1],"ix":4},"o":{"a":0,"k":100,"ix":5},"r":1,"bm":0,"nm":"Fill 1","mn":"ADBE Vector Graphic - Fill","hd":false},{"ty":"tr","p":{"a":0,"k":[20.25,20.25],"ix":2},"a":{"a":0,"k":[0,0],"ix":1},"s":{"a":0,"k":[100,100],"ix":3},"r":{"a":0,"k":0,"ix":6},"o":{"a":0,"k":100,"ix":7},"sk":{"a":0,"k":0,"ix":4},"sa":{"a":0,"k":0,"ix":5},"nm":"Transform"}],"nm":"Group 3","np":6,"cix":2,"bm":0,"ix":3,"mn":"ADBE Vector Group","hd":false}],"ip":0,"op":280,"st":0,"bm":0},{"ddd":0,"ind":17,"ty":4,"nm":"Layer 24 Outlines","sr":1,"ks":{"o":{"a":0,"k":100,"ix":11},"r":{"a":0,"k":0,"ix":10},"p":{"a":0,"k":[124.855,47.298,0],"ix":2},"a":{"a":0,"k":[31.409,24.375,0],"ix":1},"s":{"a":1,"k":[{"i":{"x":[0.833,0.833,0.833],"y":[0.833,0.833,0.833]},"o":{"x":[0.167,0.167,0.167],"y":[0.167,0.167,0.167]},"t":30,"s":[0,0,100]},{"t":55,"s":[100,100,100]}],"ix":6}},"ao":0,"shapes":[{"ty":"gr","it":[{"ind":0,"ty":"sh","ix":1,"ks":{"a":0,"k":{"i":[[1.879,0],[0,0],[0,1.878],[0,0],[-1.878,0],[0,0],[0,-1.878],[0,0]],"o":[[0,0],[-1.878,0],[0,0],[0,-1.878],[0,0],[1.879,0],[0,0],[0,1.878]],"v":[[27.743,24.125],[-27.743,24.125],[-31.158,20.71],[-31.158,-20.71],[-27.743,-24.125],[27.743,-24.125],[31.158,-20.71],[31.158,20.71]],"c":true},"ix":2},"nm":"Path 1","mn":"ADBE Vector Shape - Group","hd":false},{"ty":"fl","c":{"a":0,"k":[0.940282126034,0.940282126034,0.940282126034,1],"ix":4},"o":{"a":0,"k":100,"ix":5},"r":1,"bm":0,"nm":"Fill 1","mn":"ADBE Vector Graphic - Fill","hd":false},{"ty":"tr","p":{"a":0,"k":[31.408,24.375],"ix":2},"a":{"a":0,"k":[0,0],"ix":1},"s":{"a":0,"k":[100,100],"ix":3},"r":{"a":0,"k":0,"ix":6},"o":{"a":0,"k":100,"ix":7},"sk":{"a":0,"k":0,"ix":4},"sa":{"a":0,"k":0,"ix":5},"nm":"Transform"}],"nm":"Group 1","np":4,"cix":2,"bm":0,"ix":1,"mn":"ADBE Vector Group","hd":false}],"ip":0,"op":280,"st":0,"bm":0},{"ddd":0,"ind":18,"ty":4,"nm":"Layer 25 Outlines","sr":1,"ks":{"o":{"a":0,"k":100,"ix":11},"r":{"a":0,"k":0,"ix":10},"p":{"a":0,"k":[82.107,101.993,0],"ix":2},"a":{"a":0,"k":[65.653,90.002,0],"ix":1},"s":{"a":0,"k":[100,100,100],"ix":6}},"ao":0,"shapes":[{"ty":"gr","it":[{"ind":0,"ty":"sh","ix":1,"ks":{"a":0,"k":{"i":[[0,-6.6],[0,0],[6.6,0],[0,0],[0,6.601],[0,0],[-6.6,0],[0,0]],"o":[[0,0],[0,6.601],[0,0],[-6.6,0],[0,0],[0,-6.6],[0,0],[6.6,0]],"v":[[65.152,-77.502],[65.152,77.502],[53.152,89.502],[-53.153,89.502],[-65.152,77.502],[-65.152,-77.502],[-53.153,-89.502],[53.152,-89.502]],"c":true},"ix":2},"nm":"Path 1","mn":"ADBE Vector Shape - Group","hd":false},{"ty":"st","c":{"a":0,"k":[0.278676081639,0.669192504883,0.884359621534,1],"ix":3},"o":{"a":0,"k":100,"ix":4},"w":{"a":0,"k":1,"ix":5},"lc":1,"lj":1,"ml":10,"bm":0,"nm":"Stroke 1","mn":"ADBE Vector Graphic - Stroke","hd":false},{"ty":"tr","p":{"a":0,"k":[65.652,90.002],"ix":2},"a":{"a":0,"k":[0,0],"ix":1},"s":{"a":0,"k":[100,100],"ix":3},"r":{"a":0,"k":0,"ix":6},"o":{"a":0,"k":100,"ix":7},"sk":{"a":0,"k":0,"ix":4},"sa":{"a":0,"k":0,"ix":5},"nm":"Transform"}],"nm":"Group 1","np":2,"cix":2,"bm":0,"ix":1,"mn":"ADBE Vector Group","hd":false}],"ip":0,"op":280,"st":0,"bm":0}]}],"layers":[{"ddd":0,"ind":1,"ty":0,"nm":"New Character design","refId":"comp_0","sr":1,"ks":{"o":{"a":0,"k":100,"ix":11},"r":{"a":0,"k":0,"ix":10},"p":{"a":0,"k":[187.5,130,0],"ix":2},"a":{"a":0,"k":[187.5,130,0],"ix":1},"s":{"a":0,"k":[100,100,100],"ix":6}},"ao":0,"w":375,"h":260,"ip":0,"op":240,"st":0,"bm":0}],"markers":[]}